rubro,provincia,anio,value
Total,Total País,2005,40386.762
Total,Buenos Aires,2005,15626.865
Total,Capital Federal,2005,271.295
Total,Córdoba,2005,4452.178
Total,Entre Ríos,2005,815.341
Total,La Pampa,2005,242.874
Total,Santa Fe,2005,7720.431
Total,Chubut,2005,2038.589
Total,Neuquén,2005,900.583
Total,Río Negro,2005,415.902
Total,Santa Cruz,2005,858.361
Total,Tierra del Fuego,2005,413.146
Total,Catamarca,2005,1066.835
Total,Jujuy,2005,205.897
Total,La Rioja,2005,174.862
Total,Salta,2005,809.574
Total,Santiago del Estero,2005,101.791
Total,Tucumán,2005,560.886
Total,Mendoza,2005,1041.681
Total,San Juan,2005,284.316
Total,San Luis,2005,374.93
Total,Chaco,2005,151.574
Total,Corrientes,2005,99.963
Total,Formosa,2005,33.276
Total,Misiones,2005,382.573
Productos primarios,Total País,2005,8110.253
Productos primarios,Buenos Aires,2005,2116.442
Productos primarios,Capital Federal,2005,0
Productos primarios,Córdoba,2005,1411.687
Productos primarios,Entre Ríos,2005,485.317
Productos primarios,La Pampa,2005,187.538
Productos primarios,Santa Fe,2005,1028.697
Productos primarios,Chubut,2005,177.371
Productos primarios,Neuquén,2005,38.08
Productos primarios,Río Negro,2005,251.661
Productos primarios,Santa Cruz,2005,151.134
Productos primarios,Tierra del Fuego,2005,34.189
Productos primarios,Catamarca,2005,1003.273
Productos primarios,Jujuy,2005,94.167
Productos primarios,La Rioja,2005,0.85
Productos primarios,Salta,2005,237.896
Productos primarios,Santiago del Estero,2005,79.175
Productos primarios,Tucumán,2005,226.928
Productos primarios,Mendoza,2005,170.178
Productos primarios,San Juan,2005,71.449
Productos primarios,San Luis,2005,30.043
Productos primarios,Chaco,2005,103.139
Productos primarios,Corrientes,2005,63.748
Productos primarios,Formosa,2005,5.999
Productos primarios,Misiones,2005,75.814
Manufacturas de origen agropecuario,Total País,2005,13141.654
Manufacturas de origen agropecuario,Buenos Aires,2005,3244.813
Manufacturas de origen agropecuario,Capital Federal,2005,85.375
Manufacturas de origen agropecuario,Córdoba,2005,2154.224
Manufacturas de origen agropecuario,Entre Ríos,2005,255.773
Manufacturas de origen agropecuario,La Pampa,2005,23.523
Manufacturas de origen agropecuario,Santa Fe,2005,5512.243
Manufacturas de origen agropecuario,Chubut,2005,191.093
Manufacturas de origen agropecuario,Neuquén,2005,31.978
Manufacturas de origen agropecuario,Río Negro,2005,49.419
Manufacturas de origen agropecuario,Santa Cruz,2005,47.633
Manufacturas de origen agropecuario,Tierra del Fuego,2005,43.424
Manufacturas de origen agropecuario,Catamarca,2005,15.517
Manufacturas de origen agropecuario,Jujuy,2005,77.108
Manufacturas de origen agropecuario,La Rioja,2005,122.531
Manufacturas de origen agropecuario,Salta,2005,64.031
Manufacturas de origen agropecuario,Santiago del Estero,2005,0.635
Manufacturas de origen agropecuario,Tucumán,2005,125.611
Manufacturas de origen agropecuario,Mendoza,2005,487.962
Manufacturas de origen agropecuario,San Juan,2005,122.381
Manufacturas de origen agropecuario,San Luis,2005,140.823
Manufacturas de origen agropecuario,Chaco,2005,40.908
Manufacturas de origen agropecuario,Corrientes,2005,26.393
Manufacturas de origen agropecuario,Formosa,2005,3.459
Manufacturas de origen agropecuario,Misiones,2005,190.37
Manufacturas de origen industrial,Total País,2005,11984.798
Manufacturas de origen industrial,Buenos Aires,2005,7787.398
Manufacturas de origen industrial,Capital Federal,2005,185.824
Manufacturas de origen industrial,Córdoba,2005,886.243
Manufacturas de origen industrial,Entre Ríos,2005,74.234
Manufacturas de origen industrial,La Pampa,2005,8.479
Manufacturas de origen industrial,Santa Fe,2005,964.291
Manufacturas de origen industrial,Chubut,2005,415.605
Manufacturas de origen industrial,Neuquén,2005,10.878
Manufacturas de origen industrial,Río Negro,2005,49.904
Manufacturas de origen industrial,Santa Cruz,2005,117.171
Manufacturas de origen industrial,Tierra del Fuego,2005,23.547
Manufacturas de origen industrial,Catamarca,2005,48.045
Manufacturas de origen industrial,Jujuy,2005,34.622
Manufacturas de origen industrial,La Rioja,2005,51.481
Manufacturas de origen industrial,Salta,2005,69.48
Manufacturas de origen industrial,Santiago del Estero,2005,21.981
Manufacturas de origen industrial,Tucumán,2005,207.278
Manufacturas de origen industrial,Mendoza,2005,136.536
Manufacturas de origen industrial,San Juan,2005,89.635
Manufacturas de origen industrial,San Luis,2005,204.065
Manufacturas de origen industrial,Chaco,2005,7.523
Manufacturas de origen industrial,Corrientes,2005,9.822
Manufacturas de origen industrial,Formosa,2005,0.986
Manufacturas de origen industrial,Misiones,2005,116.389
Combustibles y energía,Total País,2005,7150.056
Combustibles y energía,Buenos Aires,2005,2478.212
Combustibles y energía,Capital Federal,2005,0
Combustibles y energía,Córdoba,2005,0
Combustibles y energía,Entre Ríos,2005,0
Combustibles y energía,La Pampa,2005,23.334
Combustibles y energía,Santa Fe,2005,215.2
Combustibles y energía,Chubut,2005,1254.52
Combustibles y energía,Neuquén,2005,819.647
Combustibles y energía,Río Negro,2005,64.92
Combustibles y energía,Santa Cruz,2005,542.424
Combustibles y energía,Tierra del Fuego,2005,311.986
Combustibles y energía,Catamarca,2005,0
Combustibles y energía,Jujuy,2005,0
Combustibles y energía,La Rioja,2005,0
Combustibles y energía,Salta,2005,438.168
Combustibles y energía,Santiago del Estero,2005,0
Combustibles y energía,Tucumán,2005,1.069
Combustibles y energía,Mendoza,2005,247.004
Combustibles y energía,San Juan,2005,0.851
Combustibles y energía,San Luis,2005,0
Combustibles y energía,Chaco,2005,0
Combustibles y energía,Corrientes,2005,0
Combustibles y energía,Formosa,2005,22.832
Combustibles y energía,Misiones,2005,0
Total,Total País,2006,46546.203
Total,Buenos Aires,2006,17829.157
Total,Capital Federal,2006,327.125
Total,Córdoba,2006,4799.082
Total,Entre Ríos,2006,811.292
Total,La Pampa,2006,169.28
Total,Santa Fe,2006,8930.927
Total,Chubut,2006,2113.713
Total,Neuquén,2006,915.88
Total,Río Negro,2006,416.022
Total,Santa Cruz,2006,1123.124
Total,Tierra del Fuego,2006,505.605
Total,Catamarca,2006,1447.763
Total,Jujuy,2006,285.813
Total,La Rioja,2006,162.4
Total,Salta,2006,878.869
Total,Santiago del Estero,2006,159.183
Total,Tucumán,2006,652.756
Total,Mendoza,2006,1176.338
Total,San Juan,2006,675.001
Total,San Luis,2006,438.649
Total,Chaco,2006,192.202
Total,Corrientes,2006,134.592
Total,Formosa,2006,39.64
Total,Misiones,2006,420.964
Productos primarios,Total País,2006,8625.122
Productos primarios,Buenos Aires,2006,2088.056
Productos primarios,Capital Federal,2006,0
Productos primarios,Córdoba,2006,1286.791
Productos primarios,Entre Ríos,2006,449.329
Productos primarios,La Pampa,2006,116.589
Productos primarios,Santa Fe,2006,904.872
Productos primarios,Chubut,2006,285.257
Productos primarios,Neuquén,2006,40.081
Productos primarios,Río Negro,2006,244.231
Productos primarios,Santa Cruz,2006,348.51
Productos primarios,Tierra del Fuego,2006,54.073
Productos primarios,Catamarca,2006,1344.708
Productos primarios,Jujuy,2006,125.389
Productos primarios,La Rioja,2006,2.025
Productos primarios,Salta,2006,267.649
Productos primarios,Santiago del Estero,2006,138.412
Productos primarios,Tucumán,2006,220.57
Productos primarios,Mendoza,2006,186.287
Productos primarios,San Juan,2006,98.784
Productos primarios,San Luis,2006,19.697
Productos primarios,Chaco,2006,131.847
Productos primarios,Corrientes,2006,90.666
Productos primarios,Formosa,2006,6.46
Productos primarios,Misiones,2006,73.175
Manufacturas de origen agropecuario,Total País,2006,15265.192
Manufacturas de origen agropecuario,Buenos Aires,2006,3518.358
Manufacturas de origen agropecuario,Capital Federal,2006,104.925
Manufacturas de origen agropecuario,Córdoba,2006,2397.681
Manufacturas de origen agropecuario,Entre Ríos,2006,280.66
Manufacturas de origen agropecuario,La Pampa,2006,18.085
Manufacturas de origen agropecuario,Santa Fe,2006,6659.525
Manufacturas de origen agropecuario,Chubut,2006,210.532
Manufacturas de origen agropecuario,Neuquén,2006,40.645
Manufacturas de origen agropecuario,Río Negro,2006,56.327
Manufacturas de origen agropecuario,Santa Cruz,2006,50.609
Manufacturas de origen agropecuario,Tierra del Fuego,2006,51.327
Manufacturas de origen agropecuario,Catamarca,2006,23.272
Manufacturas de origen agropecuario,Jujuy,2006,112.832
Manufacturas de origen agropecuario,La Rioja,2006,97.131
Manufacturas de origen agropecuario,Salta,2006,92.186
Manufacturas de origen agropecuario,Santiago del Estero,2006,0.941
Manufacturas de origen agropecuario,Tucumán,2006,192.887
Manufacturas de origen agropecuario,Mendoza,2006,604.815
Manufacturas de origen agropecuario,San Juan,2006,133.177
Manufacturas de origen agropecuario,San Luis,2006,164.521
Manufacturas de origen agropecuario,Chaco,2006,52.654
Manufacturas de origen agropecuario,Corrientes,2006,33.885
Manufacturas de origen agropecuario,Formosa,2006,8.646
Manufacturas de origen agropecuario,Misiones,2006,215.82
Manufacturas de origen industrial,Total País,2006,14842.898
Manufacturas de origen industrial,Buenos Aires,2006,9368.77
Manufacturas de origen industrial,Capital Federal,2006,222.024
Manufacturas de origen industrial,Córdoba,2006,1113.489
Manufacturas de origen industrial,Entre Ríos,2006,81.263
Manufacturas de origen industrial,La Pampa,2006,12.229
Manufacturas de origen industrial,Santa Fe,2006,1096.611
Manufacturas de origen industrial,Chubut,2006,414.855
Manufacturas de origen industrial,Neuquén,2006,10.837
Manufacturas de origen industrial,Río Negro,2006,38.014
Manufacturas de origen industrial,Santa Cruz,2006,168.532
Manufacturas de origen industrial,Tierra del Fuego,2006,55.16
Manufacturas de origen industrial,Catamarca,2006,79.783
Manufacturas de origen industrial,Jujuy,2006,47.592
Manufacturas de origen industrial,La Rioja,2006,63.245
Manufacturas de origen industrial,Salta,2006,77.602
Manufacturas de origen industrial,Santiago del Estero,2006,19.831
Manufacturas de origen industrial,Tucumán,2006,235.643
Manufacturas de origen industrial,Mendoza,2006,138.1
Manufacturas de origen industrial,San Juan,2006,441.679
Manufacturas de origen industrial,San Luis,2006,254.431
Manufacturas de origen industrial,Chaco,2006,7.701
Manufacturas de origen industrial,Corrientes,2006,7.534
Manufacturas de origen industrial,Formosa,2006,2.638
Manufacturas de origen industrial,Misiones,2006,131.962
Combustibles y energía,Total País,2006,7812.991
Combustibles y energía,Buenos Aires,2006,2853.973
Combustibles y energía,Capital Federal,2006,0
Combustibles y energía,Córdoba,2006,1.121
Combustibles y energía,Entre Ríos,2006,0
Combustibles y energía,La Pampa,2006,22.377
Combustibles y energía,Santa Fe,2006,269.918
Combustibles y energía,Chubut,2006,1203.069
Combustibles y energía,Neuquén,2006,824.317
Combustibles y energía,Río Negro,2006,77.45
Combustibles y energía,Santa Cruz,2006,555.473
Combustibles y energía,Tierra del Fuego,2006,345.046
Combustibles y energía,Catamarca,2006,0
Combustibles y energía,Jujuy,2006,0
Combustibles y energía,La Rioja,2006,0
Combustibles y energía,Salta,2006,441.433
Combustibles y energía,Santiago del Estero,2006,0
Combustibles y energía,Tucumán,2006,3.657
Combustibles y energía,Mendoza,2006,247.136
Combustibles y energía,San Juan,2006,1.36
Combustibles y energía,San Luis,2006,0
Combustibles y energía,Chaco,2006,0
Combustibles y energía,Corrientes,2006,2.507
Combustibles y energía,Formosa,2006,21.895
Combustibles y energía,Misiones,2006,0
Total,Total País,2007,55980.309
Total,Buenos Aires,2007,20767.885
Total,Capital Federal,2007,360.79
Total,Córdoba,2007,6719.092
Total,Entre Ríos,2007,1240.521
Total,La Pampa,2007,225.502
Total,Santa Fe,2007,12567.216
Total,Chubut,2007,1652.066
Total,Neuquén,2007,685.237
Total,Río Negro,2007,482.094
Total,Santa Cruz,2007,798.032
Total,Tierra del Fuego,2007,456.132
Total,Catamarca,2007,1626.794
Total,Jujuy,2007,276.323
Total,La Rioja,2007,163.779
Total,Salta,2007,1047.023
Total,Santiago del Estero,2007,270.837
Total,Tucumán,2007,756.935
Total,Mendoza,2007,1346.897
Total,San Juan,2007,742.113
Total,San Luis,2007,506.945
Total,Chaco,2007,293.007
Total,Corrientes,2007,136.954
Total,Formosa,2007,30.554
Total,Misiones,2007,434.145
Productos primarios,Total País,2007,12485.028
Productos primarios,Buenos Aires,2007,3163.333
Productos primarios,Capital Federal,2007,0
Productos primarios,Córdoba,2007,2400.682
Productos primarios,Entre Ríos,2007,773.408
Productos primarios,La Pampa,2007,183.252
Productos primarios,Santa Fe,2007,1461.099
Productos primarios,Chubut,2007,287.78
Productos primarios,Neuquén,2007,53.425
Productos primarios,Río Negro,2007,325.6
Productos primarios,Santa Cruz,2007,256.393
Productos primarios,Tierra del Fuego,2007,42.881
Productos primarios,Catamarca,2007,1507.935
Productos primarios,Jujuy,2007,163.02
Productos primarios,La Rioja,2007,1.489
Productos primarios,Salta,2007,415.544
Productos primarios,Santiago del Estero,2007,246.526
Productos primarios,Tucumán,2007,317.293
Productos primarios,Mendoza,2007,235.403
Productos primarios,San Juan,2007,100.757
Productos primarios,San Luis,2007,35.222
Productos primarios,Chaco,2007,220.229
Productos primarios,Corrientes,2007,89.661
Productos primarios,Formosa,2007,9.072
Productos primarios,Misiones,2007,73.063
Manufacturas de origen agropecuario,Total País,2007,19213.617
Manufacturas de origen agropecuario,Buenos Aires,2007,4053.556
Manufacturas de origen agropecuario,Capital Federal,2007,144.816
Manufacturas de origen agropecuario,Córdoba,2007,2902.029
Manufacturas de origen agropecuario,Entre Ríos,2007,332.498
Manufacturas de origen agropecuario,La Pampa,2007,24.613
Manufacturas de origen agropecuario,Santa Fe,2007,9144.249
Manufacturas de origen agropecuario,Chubut,2007,219.734
Manufacturas de origen agropecuario,Neuquén,2007,38.588
Manufacturas de origen agropecuario,Río Negro,2007,78.513
Manufacturas de origen agropecuario,Santa Cruz,2007,50.758
Manufacturas de origen agropecuario,Tierra del Fuego,2007,42.22
Manufacturas de origen agropecuario,Catamarca,2007,26.568
Manufacturas de origen agropecuario,Jujuy,2007,49.372
Manufacturas de origen agropecuario,La Rioja,2007,95.481
Manufacturas de origen agropecuario,Salta,2007,100.721
Manufacturas de origen agropecuario,Santiago del Estero,2007,0.911
Manufacturas de origen agropecuario,Tucumán,2007,167.149
Manufacturas de origen agropecuario,Mendoza,2007,735.45
Manufacturas de origen agropecuario,San Juan,2007,180.867
Manufacturas de origen agropecuario,San Luis,2007,180.37
Manufacturas de origen agropecuario,Chaco,2007,64.138
Manufacturas de origen agropecuario,Corrientes,2007,27.991
Manufacturas de origen agropecuario,Formosa,2007,7.403
Manufacturas de origen agropecuario,Misiones,2007,216.719
Manufacturas de origen industrial,Total País,2007,17332.786
Manufacturas de origen industrial,Buenos Aires,2007,10593.328
Manufacturas de origen industrial,Capital Federal,2007,215.895
Manufacturas de origen industrial,Córdoba,2007,1415.47
Manufacturas de origen industrial,Entre Ríos,2007,87.505
Manufacturas de origen industrial,La Pampa,2007,5.584
Manufacturas de origen industrial,Santa Fe,2007,1572.898
Manufacturas de origen industrial,Chubut,2007,496.501
Manufacturas de origen industrial,Neuquén,2007,14.43
Manufacturas de origen industrial,Río Negro,2007,26.508
Manufacturas de origen industrial,Santa Cruz,2007,172.581
Manufacturas de origen industrial,Tierra del Fuego,2007,84.172
Manufacturas de origen industrial,Catamarca,2007,92.292
Manufacturas de origen industrial,Jujuy,2007,63.931
Manufacturas de origen industrial,La Rioja,2007,66.81
Manufacturas de origen industrial,Salta,2007,78.225
Manufacturas de origen industrial,Santiago del Estero,2007,23.4
Manufacturas de origen industrial,Tucumán,2007,269.504
Manufacturas de origen industrial,Mendoza,2007,169.154
Manufacturas de origen industrial,San Juan,2007,459.033
Manufacturas de origen industrial,San Luis,2007,291.354
Manufacturas de origen industrial,Chaco,2007,8.641
Manufacturas de origen industrial,Corrientes,2007,10.928
Manufacturas de origen industrial,Formosa,2007,2.286
Manufacturas de origen industrial,Misiones,2007,144.356
Combustibles y energía,Total País,2007,6948.878
Combustibles y energía,Buenos Aires,2007,2957.669
Combustibles y energía,Capital Federal,2007,0
Combustibles y energía,Córdoba,2007,0.91
Combustibles y energía,Entre Ríos,2007,47.108
Combustibles y energía,La Pampa,2007,12.053
Combustibles y energía,Santa Fe,2007,388.97
Combustibles y energía,Chubut,2007,648.051
Combustibles y energía,Neuquén,2007,578.794
Combustibles y energía,Río Negro,2007,51.473
Combustibles y energía,Santa Cruz,2007,318.3
Combustibles y energía,Tierra del Fuego,2007,286.859
Combustibles y energía,Catamarca,2007,0
Combustibles y energía,Jujuy,2007,0
Combustibles y energía,La Rioja,2007,0
Combustibles y energía,Salta,2007,452.533
Combustibles y energía,Santiago del Estero,2007,0
Combustibles y energía,Tucumán,2007,2.989
Combustibles y energía,Mendoza,2007,206.891
Combustibles y energía,San Juan,2007,1.456
Combustibles y energía,San Luis,2007,0
Combustibles y energía,Chaco,2007,0
Combustibles y energía,Corrientes,2007,8.374
Combustibles y energía,Formosa,2007,11.794
Combustibles y energía,Misiones,2007,0
Total,Total País,2008,70018.839
Total,Buenos Aires,2008,25017.983
Total,Capital Federal,2008,443.528
Total,Córdoba,2008,9631.077
Total,Entre Ríos,2008,1484.795
Total,La Pampa,2008,382.782
Total,Santa Fe,2008,15243.846
Total,Chubut,2008,2773.506
Total,Neuquén,2008,513.067
Total,Río Negro,2008,554.308
Total,Santa Cruz,2008,735.775
Total,Tierra del Fuego,2008,521.879
Total,Catamarca,2008,1273.189
Total,Jujuy,2008,322.275
Total,La Rioja,2008,178.87
Total,Salta,2008,1148.941
Total,Santiago del Estero,2008,301.804
Total,Tucumán,2008,1025.256
Total,Mendoza,2008,1587.524
Total,San Juan,2008,983.308
Total,San Luis,2008,581.75
Total,Chaco,2008,391.505
Total,Corrientes,2008,212.732
Total,Formosa,2008,25.06
Total,Misiones,2008,473.982
Productos primarios,Total País,2008,16201.438
Productos primarios,Buenos Aires,2008,4215.471
Productos primarios,Capital Federal,2008,0
Productos primarios,Córdoba,2008,3516.417
Productos primarios,Entre Ríos,2008,938.626
Productos primarios,La Pampa,2008,336.005
Productos primarios,Santa Fe,2008,2085.286
Productos primarios,Chubut,2008,309.956
Productos primarios,Neuquén,2008,69.313
Productos primarios,Río Negro,2008,389.03
Productos primarios,Santa Cruz,2008,393.035
Productos primarios,Tierra del Fuego,2008,50.388
Productos primarios,Catamarca,2008,1137.4
Productos primarios,Jujuy,2008,180.342
Productos primarios,La Rioja,2008,1.618
Productos primarios,Salta,2008,608.382
Productos primarios,Santiago del Estero,2008,273.467
Productos primarios,Tucumán,2008,518.335
Productos primarios,Mendoza,2008,247.863
Productos primarios,San Juan,2008,126.108
Productos primarios,San Luis,2008,82.302
Productos primarios,Chaco,2008,317.202
Productos primarios,Corrientes,2008,141.101
Productos primarios,Formosa,2008,7.381
Productos primarios,Misiones,2008,112.624
Manufacturas de origen agropecuario,Total País,2008,23906.277
Manufacturas de origen agropecuario,Buenos Aires,2008,5240.632
Manufacturas de origen agropecuario,Capital Federal,2008,163.685
Manufacturas de origen agropecuario,Córdoba,2008,4073.988
Manufacturas de origen agropecuario,Entre Ríos,2008,381.973
Manufacturas de origen agropecuario,La Pampa,2008,39.582
Manufacturas de origen agropecuario,Santa Fe,2008,10901.264
Manufacturas de origen agropecuario,Chubut,2008,213.838
Manufacturas de origen agropecuario,Neuquén,2008,54.352
Manufacturas de origen agropecuario,Río Negro,2008,93.645
Manufacturas de origen agropecuario,Santa Cruz,2008,44.734
Manufacturas de origen agropecuario,Tierra del Fuego,2008,68.606
Manufacturas de origen agropecuario,Catamarca,2008,32.769
Manufacturas de origen agropecuario,Jujuy,2008,61.598
Manufacturas de origen agropecuario,La Rioja,2008,97.704
Manufacturas de origen agropecuario,Salta,2008,100.479
Manufacturas de origen agropecuario,Santiago del Estero,2008,1.706
Manufacturas de origen agropecuario,Tucumán,2008,223.862
Manufacturas de origen agropecuario,Mendoza,2008,913.064
Manufacturas de origen agropecuario,San Juan,2008,231.333
Manufacturas de origen agropecuario,San Luis,2008,179.487
Manufacturas de origen agropecuario,Chaco,2008,64.911
Manufacturas de origen agropecuario,Corrientes,2008,30.498
Manufacturas de origen agropecuario,Formosa,2008,11.56
Manufacturas de origen agropecuario,Misiones,2008,218.446
Manufacturas de origen industrial,Total País,2008,22063.368
Manufacturas de origen industrial,Buenos Aires,2008,12359.289
Manufacturas de origen industrial,Capital Federal,2008,279.738
Manufacturas de origen industrial,Córdoba,2008,2040.647
Manufacturas de origen industrial,Entre Ríos,2008,94.562
Manufacturas de origen industrial,La Pampa,2008,7.196
Manufacturas de origen industrial,Santa Fe,2008,1930.15
Manufacturas de origen industrial,Chubut,2008,744.808
Manufacturas de origen industrial,Neuquén,2008,102.147
Manufacturas de origen industrial,Río Negro,2008,33.861
Manufacturas de origen industrial,Santa Cruz,2008,244.471
Manufacturas de origen industrial,Tierra del Fuego,2008,118.816
Manufacturas de origen industrial,Catamarca,2008,103.02
Manufacturas de origen industrial,Jujuy,2008,79.041
Manufacturas de origen industrial,La Rioja,2008,79.548
Manufacturas de origen industrial,Salta,2008,82.738
Manufacturas de origen industrial,Santiago del Estero,2008,26.631
Manufacturas de origen industrial,Tucumán,2008,281.584
Manufacturas de origen industrial,Mendoza,2008,239.958
Manufacturas de origen industrial,San Juan,2008,625.868
Manufacturas de origen industrial,San Luis,2008,319.961
Manufacturas de origen industrial,Chaco,2008,9.392
Manufacturas de origen industrial,Corrientes,2008,11.96
Manufacturas de origen industrial,Formosa,2008,2.397
Manufacturas de origen industrial,Misiones,2008,142.9
Combustibles y energía,Total País,2008,7847.757
Combustibles y energía,Buenos Aires,2008,3202.592
Combustibles y energía,Capital Federal,2008,0
Combustibles y energía,Córdoba,2008,0
Combustibles y energía,Entre Ríos,2008,69.633
Combustibles y energía,La Pampa,2008,0
Combustibles y energía,Santa Fe,2008,327.146
Combustibles y energía,Chubut,2008,1504.904
Combustibles y energía,Neuquén,2008,287.255
Combustibles y energía,Río Negro,2008,37.772
Combustibles y energía,Santa Cruz,2008,53.535
Combustibles y energía,Tierra del Fuego,2008,284.07
Combustibles y energía,Catamarca,2008,0
Combustibles y energía,Jujuy,2008,1.295
Combustibles y energía,La Rioja,2008,0
Combustibles y energía,Salta,2008,357.341
Combustibles y energía,Santiago del Estero,2008,0
Combustibles y energía,Tucumán,2008,1.476
Combustibles y energía,Mendoza,2008,186.639
Combustibles y energía,San Juan,2008,0
Combustibles y energía,San Luis,2008,0
Combustibles y energía,Chaco,2008,0
Combustibles y energía,Corrientes,2008,29.173
Combustibles y energía,Formosa,2008,3.722
Combustibles y energía,Misiones,2008,0
Total,Total País,2009,55672.097
Total,Buenos Aires,2009,18374.325
Total,Capital Federal,2009,377.55
Total,Córdoba,2009,7027.144
Total,Entre Ríos,2009,1104.619
Total,La Pampa,2009,196.39
Total,Santa Fe,2009,12971.333
Total,Chubut,2009,2926.795
Total,Neuquén,2009,415.383
Total,Río Negro,2009,480.007
Total,Santa Cruz,2009,1345.991
Total,Tierra del Fuego,2009,334.638
Total,Catamarca,2009,1296.955
Total,Jujuy,2009,403.948
Total,La Rioja,2009,222.988
Total,Salta,2009,896.622
Total,Santiago del Estero,2009,87.118
Total,Tucumán,2009,781.344
Total,Mendoza,2009,1529.36
Total,San Juan,2009,1135.183
Total,San Luis,2009,473.188
Total,Chaco,2009,169.807
Total,Corrientes,2009,181.833
Total,Formosa,2009,29.522
Total,Misiones,2009,451.55
Productos primarios,Total País,2009,9256.871
Productos primarios,Buenos Aires,2009,2078.681
Productos primarios,Capital Federal,2009,0
Productos primarios,Córdoba,2009,1769.303
Productos primarios,Entre Ríos,2009,425.612
Productos primarios,La Pampa,2009,123.414
Productos primarios,Santa Fe,2009,813.032
Productos primarios,Chubut,2009,222.752
Productos primarios,Neuquén,2009,59.772
Productos primarios,Río Negro,2009,357.454
Productos primarios,Santa Cruz,2009,343.866
Productos primarios,Tierra del Fuego,2009,52.363
Productos primarios,Catamarca,2009,1158.075
Productos primarios,Jujuy,2009,183.818
Productos primarios,La Rioja,2009,1.926
Productos primarios,Salta,2009,450.541
Productos primarios,Santiago del Estero,2009,68.968
Productos primarios,Tucumán,2009,268.992
Productos primarios,Mendoza,2009,231.839
Productos primarios,San Juan,2009,98.273
Productos primarios,San Luis,2009,72.052
Productos primarios,Chaco,2009,113.374
Productos primarios,Corrientes,2009,139.61
Productos primarios,Formosa,2009,10.058
Productos primarios,Misiones,2009,122.3
Manufacturas de origen agropecuario,Total País,2009,21224.929
Manufacturas de origen agropecuario,Buenos Aires,2009,4395.341
Manufacturas de origen agropecuario,Capital Federal,2009,133.758
Manufacturas de origen agropecuario,Córdoba,2009,3463.912
Manufacturas de origen agropecuario,Entre Ríos,2009,376.863
Manufacturas de origen agropecuario,La Pampa,2009,64.937
Manufacturas de origen agropecuario,Santa Fe,2009,10013.624
Manufacturas de origen agropecuario,Chubut,2009,155.579
Manufacturas de origen agropecuario,Neuquén,2009,38.335
Manufacturas de origen agropecuario,Río Negro,2009,62.536
Manufacturas de origen agropecuario,Santa Cruz,2009,39.145
Manufacturas de origen agropecuario,Tierra del Fuego,2009,63.088
Manufacturas de origen agropecuario,Catamarca,2009,35.9
Manufacturas de origen agropecuario,Jujuy,2009,170.234
Manufacturas de origen agropecuario,La Rioja,2009,116.586
Manufacturas de origen agropecuario,Salta,2009,104.724
Manufacturas de origen agropecuario,Santiago del Estero,2009,0.96
Manufacturas de origen agropecuario,Tucumán,2009,302.328
Manufacturas de origen agropecuario,Mendoza,2009,848.279
Manufacturas de origen agropecuario,San Juan,2009,180.502
Manufacturas de origen agropecuario,San Luis,2009,173.376
Manufacturas de origen agropecuario,Chaco,2009,48.881
Manufacturas de origen agropecuario,Corrientes,2009,32.35
Manufacturas de origen agropecuario,Formosa,2009,5.855
Manufacturas de origen agropecuario,Misiones,2009,188.891
Manufacturas de origen industrial,Total País,2009,18733.692
Manufacturas de origen industrial,Buenos Aires,2009,10129.203
Manufacturas de origen industrial,Capital Federal,2009,243.631
Manufacturas de origen industrial,Córdoba,2009,1793.864
Manufacturas de origen industrial,Entre Ríos,2009,77.008
Manufacturas de origen industrial,La Pampa,2009,3.798
Manufacturas de origen industrial,Santa Fe,2009,2013.991
Manufacturas de origen industrial,Chubut,2009,564.24
Manufacturas de origen industrial,Neuquén,2009,28.711
Manufacturas de origen industrial,Río Negro,2009,29.893
Manufacturas de origen industrial,Santa Cruz,2009,417.782
Manufacturas de origen industrial,Tierra del Fuego,2009,69.274
Manufacturas de origen industrial,Catamarca,2009,102.981
Manufacturas de origen industrial,Jujuy,2009,49.896
Manufacturas de origen industrial,La Rioja,2009,104.475
Manufacturas de origen industrial,Salta,2009,70.059
Manufacturas de origen industrial,Santiago del Estero,2009,17.19
Manufacturas de origen industrial,Tucumán,2009,207.988
Manufacturas de origen industrial,Mendoza,2009,334.126
Manufacturas de origen industrial,San Juan,2009,856.408
Manufacturas de origen industrial,San Luis,2009,227.758
Manufacturas de origen industrial,Chaco,2009,7.509
Manufacturas de origen industrial,Corrientes,2009,9.859
Manufacturas de origen industrial,Formosa,2009,1.771
Manufacturas de origen industrial,Misiones,2009,140.359
Combustibles y energía,Total País,2009,6456.605
Combustibles y energía,Buenos Aires,2009,1771.1
Combustibles y energía,Capital Federal,2009,0
Combustibles y energía,Córdoba,2009,0
Combustibles y energía,Entre Ríos,2009,225.136
Combustibles y energía,La Pampa,2009,4.241
Combustibles y energía,Santa Fe,2009,130.685
Combustibles y energía,Chubut,2009,1984.224
Combustibles y energía,Neuquén,2009,288.566
Combustibles y energía,Río Negro,2009,30.124
Combustibles y energía,Santa Cruz,2009,545.197
Combustibles y energía,Tierra del Fuego,2009,149.912
Combustibles y energía,Catamarca,2009,0
Combustibles y energía,Jujuy,2009,0
Combustibles y energía,La Rioja,2009,0
Combustibles y energía,Salta,2009,271.298
Combustibles y energía,Santiago del Estero,2009,0
Combustibles y energía,Tucumán,2009,2.036
Combustibles y energía,Mendoza,2009,115.116
Combustibles y energía,San Juan,2009,0
Combustibles y energía,San Luis,2009,0
Combustibles y energía,Chaco,2009,0
Combustibles y energía,Corrientes,2009,0
Combustibles y energía,Formosa,2009,11.839
Combustibles y energía,Misiones,2009,0
Total,Total País,2010,68174.447
Total,Buenos Aires,2010,22869.493
Total,Capital Federal,2010,375.658
Total,Córdoba,2010,8486.912
Total,Entre Ríos,2010,1577.147
Total,La Pampa,2010,289.219
Total,Santa Fe,2010,15448.057
Total,Chubut,2010,3307.576
Total,Neuquén,2010,328.33
Total,Río Negro,2010,495.162
Total,Santa Cruz,2010,1632.326
Total,Tierra del Fuego,2010,391.008
Total,Catamarca,2010,1676.674
Total,Jujuy,2010,383.032
Total,La Rioja,2010,275.182
Total,Salta,2010,1012.075
Total,Santiago del Estero,2010,520.726
Total,Tucumán,2010,913.718
Total,Mendoza,2010,1696.229
Total,San Juan,2010,2103.448
Total,San Luis,2010,539.235
Total,Chaco,2010,373.663
Total,Corrientes,2010,155.013
Total,Formosa,2010,35.98
Total,Misiones,2010,528.56
Productos primarios,Total País,2010,15148.56
Productos primarios,Buenos Aires,2010,3907.744
Productos primarios,Capital Federal,2010,0
Productos primarios,Córdoba,2010,2454.414
Productos primarios,Entre Ríos,2010,1035.617
Productos primarios,La Pampa,2010,234.001
Productos primarios,Santa Fe,2010,1810.65
Productos primarios,Chubut,2010,347.472
Productos primarios,Neuquén,2010,61.686
Productos primarios,Río Negro,2010,365.112
Productos primarios,Santa Cruz,2010,473.213
Productos primarios,Tierra del Fuego,2010,54.251
Productos primarios,Catamarca,2010,1518.485
Productos primarios,Jujuy,2010,269.429
Productos primarios,La Rioja,2010,3.416
Productos primarios,Salta,2010,606.394
Productos primarios,Santiago del Estero,2010,449.352
Productos primarios,Tucumán,2010,357.879
Productos primarios,Mendoza,2010,305.531
Productos primarios,San Juan,2010,153.611
Productos primarios,San Luis,2010,83.484
Productos primarios,Chaco,2010,291.965
Productos primarios,Corrientes,2010,110.085
Productos primarios,Formosa,2010,9.94
Productos primarios,Misiones,2010,86.395
Manufacturas de origen agropecuario,Total País,2010,22671.108
Manufacturas de origen agropecuario,Buenos Aires,2010,4654.362
Manufacturas de origen agropecuario,Capital Federal,2010,111.94
Manufacturas de origen agropecuario,Córdoba,2010,3906.723
Manufacturas de origen agropecuario,Entre Ríos,2010,427.108
Manufacturas de origen agropecuario,La Pampa,2010,46.091
Manufacturas de origen agropecuario,Santa Fe,2010,10512.663
Manufacturas de origen agropecuario,Chubut,2010,196.981
Manufacturas de origen agropecuario,Neuquén,2010,29.956
Manufacturas de origen agropecuario,Río Negro,2010,61.798
Manufacturas de origen agropecuario,Santa Cruz,2010,37.017
Manufacturas de origen agropecuario,Tierra del Fuego,2010,45.52
Manufacturas de origen agropecuario,Catamarca,2010,48.007
Manufacturas de origen agropecuario,Jujuy,2010,52.873
Manufacturas de origen agropecuario,La Rioja,2010,140.147
Manufacturas de origen agropecuario,Salta,2010,109.242
Manufacturas de origen agropecuario,Santiago del Estero,2010,48.568
Manufacturas de origen agropecuario,Tucumán,2010,293.942
Manufacturas de origen agropecuario,Mendoza,2010,930.599
Manufacturas de origen agropecuario,San Juan,2010,188.636
Manufacturas de origen agropecuario,San Luis,2010,182.982
Manufacturas de origen agropecuario,Chaco,2010,71.275
Manufacturas de origen agropecuario,Corrientes,2010,34.013
Manufacturas de origen agropecuario,Formosa,2010,11.709
Manufacturas de origen agropecuario,Misiones,2010,247.694
Manufacturas de origen industrial,Total País,2010,23829.617
Manufacturas de origen industrial,Buenos Aires,2010,12515.151
Manufacturas de origen industrial,Capital Federal,2010,263.601
Manufacturas de origen industrial,Córdoba,2010,2125.767
Manufacturas de origen industrial,Entre Ríos,2010,102.52
Manufacturas de origen industrial,La Pampa,2010,7.098
Manufacturas de origen industrial,Santa Fe,2010,2999.762
Manufacturas de origen industrial,Chubut,2010,703.268
Manufacturas de origen industrial,Neuquén,2010,30.777
Manufacturas de origen industrial,Río Negro,2010,29.832
Manufacturas de origen industrial,Santa Cruz,2010,580.441
Manufacturas de origen industrial,Tierra del Fuego,2010,76.256
Manufacturas de origen industrial,Catamarca,2010,110.182
Manufacturas de origen industrial,Jujuy,2010,60.73
Manufacturas de origen industrial,La Rioja,2010,131.618
Manufacturas de origen industrial,Salta,2010,77.294
Manufacturas de origen industrial,Santiago del Estero,2010,22.805
Manufacturas de origen industrial,Tucumán,2010,258.478
Manufacturas de origen industrial,Mendoza,2010,328.69
Manufacturas de origen industrial,San Juan,2010,1761.201
Manufacturas de origen industrial,San Luis,2010,272.77
Manufacturas de origen industrial,Chaco,2010,10.423
Manufacturas de origen industrial,Corrientes,2010,10.907
Manufacturas de origen industrial,Formosa,2010,1.93
Manufacturas de origen industrial,Misiones,2010,194.472
Combustibles y energía,Total País,2010,6525.162
Combustibles y energía,Buenos Aires,2010,1792.235
Combustibles y energía,Capital Federal,2010,0
Combustibles y energía,Córdoba,2010,0
Combustibles y energía,Entre Ríos,2010,11.903
Combustibles y energía,La Pampa,2010,2.029
Combustibles y energía,Santa Fe,2010,124.982
Combustibles y energía,Chubut,2010,2059.855
Combustibles y energía,Neuquén,2010,205.91
Combustibles y energía,Río Negro,2010,38.42
Combustibles y energía,Santa Cruz,2010,541.655
Combustibles y energía,Tierra del Fuego,2010,214.981
Combustibles y energía,Catamarca,2010,0
Combustibles y energía,Jujuy,2010,0
Combustibles y energía,La Rioja,2010,0
Combustibles y energía,Salta,2010,219.145
Combustibles y energía,Santiago del Estero,2010,0
Combustibles y energía,Tucumán,2010,3.419
Combustibles y energía,Mendoza,2010,131.409
Combustibles y energía,San Juan,2010,0
Combustibles y energía,San Luis,2010,0
Combustibles y energía,Chaco,2010,0
Combustibles y energía,Corrientes,2010,0
Combustibles y energía,Formosa,2010,12.401
Combustibles y energía,Misiones,2010,0
Total,Total País,2011,82981.091
Total,Buenos Aires,2011,28017.684
Total,Capital Federal,2011,434.053
Total,Córdoba,2011,10854.896
Total,Entre Ríos,2011,1856.223
Total,La Pampa,2011,370.669
Total,Santa Fe,2011,18852.657
Total,Chubut,2011,3148.039
Total,Neuquén,2011,362.165
Total,Río Negro,2011,721.676
Total,Santa Cruz,2011,1846.928
Total,Tierra del Fuego,2011,443.045
Total,Catamarca,2011,1649.193
Total,Jujuy,2011,453.119
Total,La Rioja,2011,281.506
Total,Salta,2011,1313.866
Total,Santiago del Estero,2011,1055.515
Total,Tucumán,2011,1015.727
Total,Mendoza,2011,1799.794
Total,San Juan,2011,2462.623
Total,San Luis,2011,728.267
Total,Chaco,2011,589.96
Total,Corrientes,2011,278.836
Total,Formosa,2011,40.041
Total,Misiones,2011,535.712
Productos primarios,Total País,2011,19833.32
Productos primarios,Buenos Aires,2011,5804.287
Productos primarios,Capital Federal,2011,0
Productos primarios,Córdoba,2011,3103.508
Productos primarios,Entre Ríos,2011,1099.364
Productos primarios,La Pampa,2011,310.333
Productos primarios,Santa Fe,2011,2241.954
Productos primarios,Chubut,2011,394.998
Productos primarios,Neuquén,2011,84.85
Productos primarios,Río Negro,2011,523.688
Productos primarios,Santa Cruz,2011,506.969
Productos primarios,Tierra del Fuego,2011,64.744
Productos primarios,Catamarca,2011,1499.291
Productos primarios,Jujuy,2011,356.628
Productos primarios,La Rioja,2011,4.478
Productos primarios,Salta,2011,861.083
Productos primarios,Santiago del Estero,2011,955.05
Productos primarios,Tucumán,2011,393.3
Productos primarios,Mendoza,2011,278.27
Productos primarios,San Juan,2011,157.859
Productos primarios,San Luis,2011,181.113
Productos primarios,Chaco,2011,500.144
Productos primarios,Corrientes,2011,223.792
Productos primarios,Formosa,2011,16.494
Productos primarios,Misiones,2011,100.029
Manufacturas de origen agropecuario,Total País,2011,27675.826
Manufacturas de origen agropecuario,Buenos Aires,2011,5810.654
Manufacturas de origen agropecuario,Capital Federal,2011,155.455
Manufacturas de origen agropecuario,Córdoba,2011,4917.395
Manufacturas de origen agropecuario,Entre Ríos,2011,575.331
Manufacturas de origen agropecuario,La Pampa,2011,48.511
Manufacturas de origen agropecuario,Santa Fe,2011,12353.186
Manufacturas de origen agropecuario,Chubut,2011,236.327
Manufacturas de origen agropecuario,Neuquén,2011,73.694
Manufacturas de origen agropecuario,Río Negro,2011,119.685
Manufacturas de origen agropecuario,Santa Cruz,2011,48.596
Manufacturas de origen agropecuario,Tierra del Fuego,2011,44.493
Manufacturas de origen agropecuario,Catamarca,2011,59.111
Manufacturas de origen agropecuario,Jujuy,2011,30.262
Manufacturas de origen agropecuario,La Rioja,2011,149.033
Manufacturas de origen agropecuario,Salta,2011,110.296
Manufacturas de origen agropecuario,Santiago del Estero,2011,84.347
Manufacturas de origen agropecuario,Tucumán,2011,326.973
Manufacturas de origen agropecuario,Mendoza,2011,1100.306
Manufacturas de origen agropecuario,San Juan,2011,271.008
Manufacturas de origen agropecuario,San Luis,2011,223.43
Manufacturas de origen agropecuario,Chaco,2011,78.878
Manufacturas de origen agropecuario,Corrientes,2011,31.056
Manufacturas de origen agropecuario,Formosa,2011,11.303
Manufacturas de origen agropecuario,Misiones,2011,249.22
Manufacturas de origen industrial,Total País,2011,28790.265
Manufacturas de origen industrial,Buenos Aires,2011,14714.427
Manufacturas de origen industrial,Capital Federal,2011,278.45
Manufacturas de origen industrial,Córdoba,2011,2833.992
Manufacturas de origen industrial,Entre Ríos,2011,119.935
Manufacturas de origen industrial,La Pampa,2011,11.825
Manufacturas de origen industrial,Santa Fe,2011,4118.297
Manufacturas de origen industrial,Chubut,2011,790.347
Manufacturas de origen industrial,Neuquén,2011,34.333
Manufacturas de origen industrial,Río Negro,2011,35.771
Manufacturas de origen industrial,Santa Cruz,2011,826.609
Manufacturas de origen industrial,Tierra del Fuego,2011,79.398
Manufacturas de origen industrial,Catamarca,2011,90.792
Manufacturas de origen industrial,Jujuy,2011,66.229
Manufacturas de origen industrial,La Rioja,2011,127.996
Manufacturas de origen industrial,Salta,2011,91.461
Manufacturas de origen industrial,Santiago del Estero,2011,16.119
Manufacturas de origen industrial,Tucumán,2011,295.032
Manufacturas de origen industrial,Mendoza,2011,293.143
Manufacturas de origen industrial,San Juan,2011,2033.756
Manufacturas de origen industrial,San Luis,2011,323.724
Manufacturas de origen industrial,Chaco,2011,10.938
Manufacturas de origen industrial,Corrientes,2011,22.697
Manufacturas de origen industrial,Formosa,2011,1.769
Manufacturas de origen industrial,Misiones,2011,186.463
Combustibles y energía,Total País,2011,6681.68
Combustibles y energía,Buenos Aires,2011,1688.315
Combustibles y energía,Capital Federal,2011,0
Combustibles y energía,Córdoba,2011,0
Combustibles y energía,Entre Ríos,2011,61.592
Combustibles y energía,La Pampa,2011,0
Combustibles y energía,Santa Fe,2011,139.22
Combustibles y energía,Chubut,2011,1726.368
Combustibles y energía,Neuquén,2011,169.288
Combustibles y energía,Río Negro,2011,42.532
Combustibles y energía,Santa Cruz,2011,464.753
Combustibles y energía,Tierra del Fuego,2011,254.41
Combustibles y energía,Catamarca,2011,0
Combustibles y energía,Jujuy,2011,0
Combustibles y energía,La Rioja,2011,0
Combustibles y energía,Salta,2011,251.025
Combustibles y energía,Santiago del Estero,2011,0
Combustibles y energía,Tucumán,2011,0
Combustibles y energía,Mendoza,2011,128.074
Combustibles y energía,San Juan,2011,0
Combustibles y energía,San Luis,2011,0
Combustibles y energía,Chaco,2011,0
Combustibles y energía,Corrientes,2011,1.291
Combustibles y energía,Formosa,2011,10.475
Combustibles y energía,Misiones,2011,0
Total,Total País,2012,79982.388
Total,Buenos Aires,2012,27414.321
Total,Capital Federal,2012,421.944
Total,Córdoba,2012,10312.516
Total,Entre Ríos,2012,1994.901
Total,La Pampa,2012,445.639
Total,Santa Fe,2012,17931.537
Total,Chubut,2012,3248.154
Total,Neuquén,2012,283.569
Total,Río Negro,2012,628.186
Total,Santa Cruz,2012,1908.396
Total,Tierra del Fuego,2012,280.852
Total,Catamarca,2012,1719.94
Total,Jujuy,2012,609.14
Total,La Rioja,2012,260.761
Total,Salta,2012,1312.475
Total,Santiago del Estero,2012,790.349
Total,Tucumán,2012,879.567
Total,Mendoza,2012,1807.025
Total,San Juan,2012,2289.79
Total,San Luis,2012,690.97
Total,Chaco,2012,304.978
Total,Corrientes,2012,239.855
Total,Formosa,2012,44.842
Total,Misiones,2012,441.196
Productos primarios,Total País,2012,19039.837
Productos primarios,Buenos Aires,2012,6146.632
Productos primarios,Capital Federal,2012,0
Productos primarios,Córdoba,2012,2712.394
Productos primarios,Entre Ríos,2012,1142.142
Productos primarios,La Pampa,2012,407.435
Productos primarios,Santa Fe,2012,2073.133
Productos primarios,Chubut,2012,351.329
Productos primarios,Neuquén,2012,60.303
Productos primarios,Río Negro,2012,447.46
Productos primarios,Santa Cruz,2012,544.681
Productos primarios,Tierra del Fuego,2012,64.313
Productos primarios,Catamarca,2012,1562.586
Productos primarios,Jujuy,2012,480.11
Productos primarios,La Rioja,2012,3.105
Productos primarios,Salta,2012,789.473
Productos primarios,Santiago del Estero,2012,744.124
Productos primarios,Tucumán,2012,335.874
Productos primarios,Mendoza,2012,195.022
Productos primarios,San Juan,2012,125.728
Productos primarios,San Luis,2012,163.146
Productos primarios,Chaco,2012,222.721
Productos primarios,Corrientes,2012,198.208
Productos primarios,Formosa,2012,12.999
Productos primarios,Misiones,2012,87.345
Manufacturas de origen agropecuario,Total País,2012,26783.659
Manufacturas de origen agropecuario,Buenos Aires,2012,5606.34
Manufacturas de origen agropecuario,Capital Federal,2012,154.697
Manufacturas de origen agropecuario,Córdoba,2012,4996.13
Manufacturas de origen agropecuario,Entre Ríos,2012,630.339
Manufacturas de origen agropecuario,La Pampa,2012,30.411
Manufacturas de origen agropecuario,Santa Fe,2012,11924.291
Manufacturas de origen agropecuario,Chubut,2012,164.028
Manufacturas de origen agropecuario,Neuquén,2012,56.144
Manufacturas de origen agropecuario,Río Negro,2012,103.557
Manufacturas de origen agropecuario,Santa Cruz,2012,29.072
Manufacturas de origen agropecuario,Tierra del Fuego,2012,41.728
Manufacturas de origen agropecuario,Catamarca,2012,60.513
Manufacturas de origen agropecuario,Jujuy,2012,59.901
Manufacturas de origen agropecuario,La Rioja,2012,129.133
Manufacturas de origen agropecuario,Salta,2012,115.668
Manufacturas de origen agropecuario,Santiago del Estero,2012,36.052
Manufacturas de origen agropecuario,Tucumán,2012,286.95
Manufacturas de origen agropecuario,Mendoza,2012,1189.863
Manufacturas de origen agropecuario,San Juan,2012,273.737
Manufacturas de origen agropecuario,San Luis,2012,217.547
Manufacturas de origen agropecuario,Chaco,2012,71.636
Manufacturas de origen agropecuario,Corrientes,2012,34.137
Manufacturas de origen agropecuario,Formosa,2012,16.946
Manufacturas de origen agropecuario,Misiones,2012,222.008
Manufacturas de origen industrial,Total País,2012,27180.876
Manufacturas de origen industrial,Buenos Aires,2012,14279.095
Manufacturas de origen industrial,Capital Federal,2012,267.154
Manufacturas de origen industrial,Córdoba,2012,2603.99
Manufacturas de origen industrial,Entre Ríos,2012,114.24
Manufacturas de origen industrial,La Pampa,2012,7.793
Manufacturas de origen industrial,Santa Fe,2012,3793.065
Manufacturas de origen industrial,Chubut,2012,667.058
Manufacturas de origen industrial,Neuquén,2012,40.114
Manufacturas de origen industrial,Río Negro,2012,34.066
Manufacturas de origen industrial,Santa Cruz,2012,794.336
Manufacturas de origen industrial,Tierra del Fuego,2012,70.128
Manufacturas de origen industrial,Catamarca,2012,96.842
Manufacturas de origen industrial,Jujuy,2012,69.129
Manufacturas de origen industrial,La Rioja,2012,128.524
Manufacturas de origen industrial,Salta,2012,89.924
Manufacturas de origen industrial,Santiago del Estero,2012,10.173
Manufacturas de origen industrial,Tucumán,2012,256.742
Manufacturas de origen industrial,Mendoza,2012,334.216
Manufacturas de origen industrial,San Juan,2012,1890.326
Manufacturas de origen industrial,San Luis,2012,310.277
Manufacturas de origen industrial,Chaco,2012,10.621
Manufacturas de origen industrial,Corrientes,2012,7.43
Manufacturas de origen industrial,Formosa,2012,2.362
Manufacturas de origen industrial,Misiones,2012,131.842
Combustibles y energía,Total País,2012,6978.016
Combustibles y energía,Buenos Aires,2012,1382.254
Combustibles y energía,Capital Federal,2012,0
Combustibles y energía,Córdoba,2012,0
Combustibles y energía,Entre Ríos,2012,108.18
Combustibles y energía,La Pampa,2012,0
Combustibles y energía,Santa Fe,2012,141.048
Combustibles y energía,Chubut,2012,2065.739
Combustibles y energía,Neuquén,2012,127.008
Combustibles y energía,Río Negro,2012,43.103
Combustibles y energía,Santa Cruz,2012,540.307
Combustibles y energía,Tierra del Fuego,2012,104.684
Combustibles y energía,Catamarca,2012,0
Combustibles y energía,Jujuy,2012,0
Combustibles y energía,La Rioja,2012,0
Combustibles y energía,Salta,2012,317.41
Combustibles y energía,Santiago del Estero,2012,0
Combustibles y energía,Tucumán,2012,0
Combustibles y energía,Mendoza,2012,87.925
Combustibles y energía,San Juan,2012,0
Combustibles y energía,San Luis,2012,0
Combustibles y energía,Chaco,2012,0
Combustibles y energía,Corrientes,2012,0
Combustibles y energía,Formosa,2012,12.534
Combustibles y energía,Misiones,2012,0
Total,Total País,2013,75962.981
Total,Buenos Aires,2013,25536.988
Total,Capital Federal,2013,392.139
Total,Córdoba,2013,11300.164
Total,Entre Ríos,2013,1832.788
Total,La Pampa,2013,329.795
Total,Santa Fe,2013,16794.654
Total,Chubut,2013,2641.303
Total,Neuquén,2013,254.411
Total,Río Negro,2013,676.309
Total,Santa Cruz,2013,1648.792
Total,Tierra del Fuego,2013,179.85
Total,Catamarca,2013,1102.072
Total,Jujuy,2013,411.327
Total,La Rioja,2013,305.083
Total,Salta,2013,922.47
Total,Santiago del Estero,2013,602.319
Total,Tucumán,2013,920.837
Total,Mendoza,2013,1681.557
Total,San Juan,2013,1860.331
Total,San Luis,2013,785.784
Total,Chaco,2013,282.537
Total,Corrientes,2013,255.144
Total,Formosa,2013,37.028
Total,Misiones,2013,485.359
Productos primarios,Total País,2013,17765.891
Productos primarios,Buenos Aires,2013,5121.623
Productos primarios,Capital Federal,2013,0
Productos primarios,Córdoba,2013,3627.186
Productos primarios,Entre Ríos,2013,980.863
Productos primarios,La Pampa,2013,290.08
Productos primarios,Santa Fe,2013,2247.746
Productos primarios,Chubut,2013,431.715
Productos primarios,Neuquén,2013,69.026
Productos primarios,Río Negro,2013,531.144
Productos primarios,Santa Cruz,2013,565.83
Productos primarios,Tierra del Fuego,2013,52.735
Productos primarios,Catamarca,2013,983.26
Productos primarios,Jujuy,2013,305.933
Productos primarios,La Rioja,2013,4.289
Productos primarios,Salta,2013,338.346
Productos primarios,Santiago del Estero,2013,561.758
Productos primarios,Tucumán,2013,318.138
Productos primarios,Mendoza,2013,212.358
Productos primarios,San Juan,2013,101.496
Productos primarios,San Luis,2013,348.921
Productos primarios,Chaco,2013,208.155
Productos primarios,Corrientes,2013,208.898
Productos primarios,Formosa,2013,11.497
Productos primarios,Misiones,2013,83.852
Manufacturas de origen agropecuario,Total País,2013,27002.177
Manufacturas de origen agropecuario,Buenos Aires,2013,5121.433
Manufacturas de origen agropecuario,Capital Federal,2013,149.039
Manufacturas de origen agropecuario,Córdoba,2013,4962.99
Manufacturas de origen agropecuario,Entre Ríos,2013,740.062
Manufacturas de origen agropecuario,La Pampa,2013,34.302
Manufacturas de origen agropecuario,Santa Fe,2013,11517.032
Manufacturas de origen agropecuario,Chubut,2013,158.577
Manufacturas de origen agropecuario,Neuquén,2013,46.031
Manufacturas de origen agropecuario,Río Negro,2013,82.139
Manufacturas de origen agropecuario,Santa Cruz,2013,17.389
Manufacturas de origen agropecuario,Tierra del Fuego,2013,28.394
Manufacturas de origen agropecuario,Catamarca,2013,40.869
Manufacturas de origen agropecuario,Jujuy,2013,55.889
Manufacturas de origen agropecuario,La Rioja,2013,175.302
Manufacturas de origen agropecuario,Salta,2013,94.985
Manufacturas de origen agropecuario,Santiago del Estero,2013,34.497
Manufacturas de origen agropecuario,Tucumán,2013,262.721
Manufacturas de origen agropecuario,Mendoza,2013,1150.84
Manufacturas de origen agropecuario,San Juan,2013,273.984
Manufacturas de origen agropecuario,San Luis,2013,196.23
Manufacturas de origen agropecuario,Chaco,2013,67.417
Manufacturas de origen agropecuario,Corrientes,2013,41.13
Manufacturas de origen agropecuario,Formosa,2013,14.588
Manufacturas de origen agropecuario,Misiones,2013,255.489
Manufacturas de origen industrial,Total País,2013,25633.339
Manufacturas de origen industrial,Buenos Aires,2013,14237.866
Manufacturas de origen industrial,Capital Federal,2013,243.048
Manufacturas de origen industrial,Córdoba,2013,2709.988
Manufacturas de origen industrial,Entre Ríos,2013,111.863
Manufacturas de origen industrial,La Pampa,2013,5.412
Manufacturas de origen industrial,Santa Fe,2013,2948.542
Manufacturas de origen industrial,Chubut,2013,677.045
Manufacturas de origen industrial,Neuquén,2013,30.112
Manufacturas de origen industrial,Río Negro,2013,14.637
Manufacturas de origen industrial,Santa Cruz,2013,707.033
Manufacturas de origen industrial,Tierra del Fuego,2013,44.345
Manufacturas de origen industrial,Catamarca,2013,77.943
Manufacturas de origen industrial,Jujuy,2013,49.506
Manufacturas de origen industrial,La Rioja,2013,125.492
Manufacturas de origen industrial,Salta,2013,81.68
Manufacturas de origen industrial,Santiago del Estero,2013,6.065
Manufacturas de origen industrial,Tucumán,2013,339.978
Manufacturas de origen industrial,Mendoza,2013,274.627
Manufacturas de origen industrial,San Juan,2013,1484.851
Manufacturas de origen industrial,San Luis,2013,240.632
Manufacturas de origen industrial,Chaco,2013,6.966
Manufacturas de origen industrial,Corrientes,2013,5.083
Manufacturas de origen industrial,Formosa,2013,2.606
Manufacturas de origen industrial,Misiones,2013,146.019
Combustibles y energía,Total País,2013,5561.574
Combustibles y energía,Buenos Aires,2013,1056.065
Combustibles y energía,Capital Federal,2013,0
Combustibles y energía,Córdoba,2013,0
Combustibles y energía,Entre Ríos,2013,0
Combustibles y energía,La Pampa,2013,0
Combustibles y energía,Santa Fe,2013,81.334
Combustibles y energía,Chubut,2013,1373.966
Combustibles y energía,Neuquén,2013,109.243
Combustibles y energía,Río Negro,2013,48.389
Combustibles y energía,Santa Cruz,2013,358.54
Combustibles y energía,Tierra del Fuego,2013,54.375
Combustibles y energía,Catamarca,2013,0
Combustibles y energía,Jujuy,2013,0
Combustibles y energía,La Rioja,2013,0
Combustibles y energía,Salta,2013,407.459
Combustibles y energía,Santiago del Estero,2013,0
Combustibles y energía,Tucumán,2013,0
Combustibles y energía,Mendoza,2013,43.732
Combustibles y energía,San Juan,2013,0
Combustibles y energía,San Luis,2013,0
Combustibles y energía,Chaco,2013,0
Combustibles y energía,Corrientes,2013,0
Combustibles y energía,Formosa,2013,8.337
Combustibles y energía,Misiones,2013,0
Total,Total País,2014,68404.347
Total,Buenos Aires,2014,23269.592
Total,Capital Federal,2014,366.089
Total,Córdoba,2014,9596.896
Total,Entre Ríos,2014,1547.277
Total,La Pampa,2014,284.013
Total,Santa Fe,2014,16081.776
Total,Chubut,2014,2517.966
Total,Neuquén,2014,211.436
Total,Río Negro,2014,574.53
Total,Santa Cruz,2014,1593.723
Total,Tierra del Fuego,2014,174.01
Total,Catamarca,2014,1060.039
Total,Jujuy,2014,361.781
Total,La Rioja,2014,272.104
Total,Salta,2014,1088.651
Total,Santiago del Estero,2014,845.337
Total,Tucumán,2014,692.611
Total,Mendoza,2014,1378.635
Total,San Juan,2014,1739.502
Total,San Luis,2014,543.861
Total,Chaco,2014,405.341
Total,Corrientes,2014,233.436
Total,Formosa,2014,34.838
Total,Misiones,2014,476.186
Productos primarios,Total País,2014,14217.839
Productos primarios,Buenos Aires,2014,3507.5
Productos primarios,Capital Federal,2014,-
Productos primarios,Córdoba,2014,2681.109
Productos primarios,Entre Ríos,2014,779.096
Productos primarios,La Pampa,2014,241.338
Productos primarios,Santa Fe,2014,1355.127
Productos primarios,Chubut,2014,508.164
Productos primarios,Neuquén,2014,63.302
Productos primarios,Río Negro,2014,464.354
Productos primarios,Santa Cruz,2014,502.611
Productos primarios,Tierra del Fuego,2014,63.881
Productos primarios,Catamarca,2014,956.985
Productos primarios,Jujuy,2014,294.895
Productos primarios,La Rioja,2014,6.923
Productos primarios,Salta,2014,571.889
Productos primarios,Santiago del Estero,2014,788.089
Productos primarios,Tucumán,2014,257.22
Productos primarios,Mendoza,2014,168.775
Productos primarios,San Juan,2014,75.02
Productos primarios,San Luis,2014,168.639
Productos primarios,Chaco,2014,328.725
Productos primarios,Corrientes,2014,179.002
Productos primarios,Formosa,2014,11.992
Productos primarios,Misiones,2014,60.968
Manufacturas de origen agropecuario,Total País,2014,26420.435
Manufacturas de origen agropecuario,Buenos Aires,2014,5923.86
Manufacturas de origen agropecuario,Capital Federal,2014,146.369
Manufacturas de origen agropecuario,Córdoba,2014,4728.573
Manufacturas de origen agropecuario,Entre Ríos,2014,658.392
Manufacturas de origen agropecuario,La Pampa,2014,37.209
Manufacturas de origen agropecuario,Santa Fe,2014,12008.12
Manufacturas de origen agropecuario,Chubut,2014,131.679
Manufacturas de origen agropecuario,Neuquén,2014,29.008
Manufacturas de origen agropecuario,Río Negro,2014,62.712
Manufacturas de origen agropecuario,Santa Cruz,2014,22.294
Manufacturas de origen agropecuario,Tierra del Fuego,2014,25.849
Manufacturas de origen agropecuario,Catamarca,2014,13.333
Manufacturas de origen agropecuario,Jujuy,2014,25.153
Manufacturas de origen agropecuario,La Rioja,2014,148.451
Manufacturas de origen agropecuario,Salta,2014,77.451
Manufacturas de origen agropecuario,Santiago del Estero,2014,54.086
Manufacturas de origen agropecuario,Tucumán,2014,186.537
Manufacturas de origen agropecuario,Mendoza,2014,961.899
Manufacturas de origen agropecuario,San Juan,2014,199.9
Manufacturas de origen agropecuario,San Luis,2014,172.444
Manufacturas de origen agropecuario,Chaco,2014,71.282
Manufacturas de origen agropecuario,Corrientes,2014,39.878
Manufacturas de origen agropecuario,Formosa,2014,13.116
Manufacturas de origen agropecuario,Misiones,2014,268.362
Manufacturas de origen industrial,Total País,2014,22823.468
Manufacturas de origen industrial,Buenos Aires,2014,12852.535
Manufacturas de origen industrial,Capital Federal,2014,219.694
Manufacturas de origen industrial,Córdoba,2014,2187.213
Manufacturas de origen industrial,Entre Ríos,2014,109.789
Manufacturas de origen industrial,La Pampa,2014,5.466
Manufacturas de origen industrial,Santa Fe,2014,2652.526
Manufacturas de origen industrial,Chubut,2014,596.83
Manufacturas de origen industrial,Neuquén,2014,43.834
Manufacturas de origen industrial,Río Negro,2014,12.198
Manufacturas de origen industrial,Santa Cruz,2014,738.303
Manufacturas de origen industrial,Tierra del Fuego,2014,76.645
Manufacturas de origen industrial,Catamarca,2014,89.721
Manufacturas de origen industrial,Jujuy,2014,41.732
Manufacturas de origen industrial,La Rioja,2014,116.73
Manufacturas de origen industrial,Salta,2014,73.353
Manufacturas de origen industrial,Santiago del Estero,2014,3.163
Manufacturas de origen industrial,Tucumán,2014,248.254
Manufacturas de origen industrial,Mendoza,2014,214.035
Manufacturas de origen industrial,San Juan,2014,1464.583
Manufacturas de origen industrial,San Luis,2014,202.779
Manufacturas de origen industrial,Chaco,2014,5.334
Manufacturas de origen industrial,Corrientes,2014,14.476
Manufacturas de origen industrial,Formosa,2014,1.956
Manufacturas de origen industrial,Misiones,2014,146.856
Combustibles y energía,Total País,2014,4942.605
Combustibles y energía,Buenos Aires,2014,985.697
Combustibles y energía,Capital Federal,2014,-
Combustibles y energía,Córdoba,2014,-
Combustibles y energía,Entre Ríos,2014,-
Combustibles y energía,La Pampa,2014,-
Combustibles y energía,Santa Fe,2014,66.003
Combustibles y energía,Chubut,2014,1281.293
Combustibles y energía,Neuquén,2014,75.291
Combustibles y energía,Río Negro,2014,35.265
Combustibles y energía,Santa Cruz,2014,330.515
Combustibles y energía,Tierra del Fuego,2014,7.635
Combustibles y energía,Catamarca,2014,-
Combustibles y energía,Jujuy,2014,-
Combustibles y energía,La Rioja,2014,-
Combustibles y energía,Salta,2014,365.957
Combustibles y energía,Santiago del Estero,2014,-
Combustibles y energía,Tucumán,2014,0.6
Combustibles y energía,Mendoza,2014,33.927
Combustibles y energía,San Juan,2014,-
Combustibles y energía,San Luis,2014,-
Combustibles y energía,Chaco,2014,-
Combustibles y energía,Corrientes,2014,-
Combustibles y energía,Formosa,2014,7.774
Combustibles y energía,Misiones,2014,-
Total,Total País,2015,56783.953
Total,Buenos Aires,2015,18962.339
Total,Capital Federal,2015,302.943
Total,Córdoba,2015,8538.279
Total,Entre Ríos,2015,1276.954
Total,La Pampa,2015,327.205
Total,Santa Fe,2015,13207.016
Total,Chubut,2015,1656.103
Total,Neuquén,2015,135.945
Total,Río Negro,2015,438.846
Total,Santa Cruz,2015,2051.717
Total,Tierra del Fuego,2015,199.505
Total,Catamarca,2015,585.358
Total,Jujuy,2015,307.603
Total,La Rioja,2015,231.377
Total,Salta,2015,859.817
Total,Santiago del Estero,2015,576.044
Total,Tucumán,2015,828.16
Total,Mendoza,2015,1334.154
Total,San Juan,2015,1391.073
Total,San Luis,2015,551.939
Total,Chaco,2015,266.809
Total,Corrientes,2015,174.935
Total,Formosa,2015,34.534
Total,Misiones,2015,409.173
Productos primarios,Total País,2015,13301.288
Productos primarios,Buenos Aires,2015,3509.243
Productos primarios,Capital Federal,2015,0
Productos primarios,Córdoba,2015,2991.058
Productos primarios,Entre Ríos,2015,718.512
Productos primarios,La Pampa,2015,293.247
Productos primarios,Santa Fe,2015,1543.432
Productos primarios,Chubut,2015,488.067
Productos primarios,Neuquén,2015,41.274
Productos primarios,Río Negro,2015,330.242
Productos primarios,Santa Cruz,2015,450.861
Productos primarios,Tierra del Fuego,2015,83.647
Productos primarios,Catamarca,2015,484.349
Productos primarios,Jujuy,2015,224.21
Productos primarios,La Rioja,2015,5.386
Productos primarios,Salta,2015,620.158
Productos primarios,Santiago del Estero,2015,458.276
Productos primarios,Tucumán,2015,186.029
Productos primarios,Mendoza,2015,126.56
Productos primarios,San Juan,2015,67.34
Productos primarios,San Luis,2015,236.203
Productos primarios,Chaco,2015,203.151
Productos primarios,Corrientes,2015,123.529
Productos primarios,Formosa,2015,16.204
Productos primarios,Misiones,2015,44.264
Manufacturas de origen agropecuario,Total País,2015,23287.749
Manufacturas de origen agropecuario,Buenos Aires,2015,5292.653
Manufacturas de origen agropecuario,Capital Federal,2015,93.846
Manufacturas de origen agropecuario,Córdoba,2015,3923.303
Manufacturas de origen agropecuario,Entre Ríos,2015,450.577
Manufacturas de origen agropecuario,La Pampa,2015,28.727
Manufacturas de origen agropecuario,Santa Fe,2015,10218.66
Manufacturas de origen agropecuario,Chubut,2015,120.981
Manufacturas de origen agropecuario,Neuquén,2015,26.518
Manufacturas de origen agropecuario,Río Negro,2015,72.029
Manufacturas de origen agropecuario,Santa Cruz,2015,11.604
Manufacturas de origen agropecuario,Tierra del Fuego,2015,33.36
Manufacturas de origen agropecuario,Catamarca,2015,19.576
Manufacturas de origen agropecuario,Jujuy,2015,44.901
Manufacturas de origen agropecuario,La Rioja,2015,129.534
Manufacturas de origen agropecuario,Salta,2015,110.038
Manufacturas de origen agropecuario,Santiago del Estero,2015,116.33
Manufacturas de origen agropecuario,Tucumán,2015,324.389
Manufacturas de origen agropecuario,Mendoza,2015,1013.128
Manufacturas de origen agropecuario,San Juan,2015,148.646
Manufacturas de origen agropecuario,San Luis,2015,159.548
Manufacturas de origen agropecuario,Chaco,2015,59.031
Manufacturas de origen agropecuario,Corrientes,2015,47.837
Manufacturas de origen agropecuario,Formosa,2015,14.165
Manufacturas de origen agropecuario,Misiones,2015,226.975
Manufacturas de origen industrial,Total País,2015,17949.292
Manufacturas de origen industrial,Buenos Aires,2015,9596.335
Manufacturas de origen industrial,Capital Federal,2015,208.986
Manufacturas de origen industrial,Córdoba,2015,1623.919
Manufacturas de origen industrial,Entre Ríos,2015,107.865
Manufacturas de origen industrial,La Pampa,2015,5.231
Manufacturas de origen industrial,Santa Fe,2015,1384.151
Manufacturas de origen industrial,Chubut,2015,516.282
Manufacturas de origen industrial,Neuquén,2015,51.843
Manufacturas de origen industrial,Río Negro,2015,20.515
Manufacturas de origen industrial,Santa Cruz,2015,1455.268
Manufacturas de origen industrial,Tierra del Fuego,2015,39.166
Manufacturas de origen industrial,Catamarca,2015,81.433
Manufacturas de origen industrial,Jujuy,2015,38.492
Manufacturas de origen industrial,La Rioja,2015,96.457
Manufacturas de origen industrial,Salta,2015,88.553
Manufacturas de origen industrial,Santiago del Estero,2015,1.438
Manufacturas de origen industrial,Tucumán,2015,317.247
Manufacturas de origen industrial,Mendoza,2015,168.746
Manufacturas de origen industrial,San Juan,2015,1175.087
Manufacturas de origen industrial,San Luis,2015,156.188
Manufacturas de origen industrial,Chaco,2015,4.627
Manufacturas de origen industrial,Corrientes,2015,2.909
Manufacturas de origen industrial,Formosa,2015,0.944
Manufacturas de origen industrial,Misiones,2015,137.934
Combustibles y energía,Total País,2015,2245.623
Combustibles y energía,Buenos Aires,2015,564.108
Combustibles y energía,Capital Federal,2015,0
Combustibles y energía,Córdoba,2015,0
Combustibles y energía,Entre Ríos,2015,0
Combustibles y energía,La Pampa,2015,0
Combustibles y energía,Santa Fe,2015,60.772
Combustibles y energía,Chubut,2015,530.773
Combustibles y energía,Neuquén,2015,16.31
Combustibles y energía,Río Negro,2015,16.06
Combustibles y energía,Santa Cruz,2015,133.985
Combustibles y energía,Tierra del Fuego,2015,43.332
Combustibles y energía,Catamarca,2015,0
Combustibles y energía,Jujuy,2015,0
Combustibles y energía,La Rioja,2015,0
Combustibles y energía,Salta,2015,41.069
Combustibles y energía,Santiago del Estero,2015,0
Combustibles y energía,Tucumán,2015,0
Combustibles y energía,Mendoza,2015,25.72
Combustibles y energía,San Juan,2015,0
Combustibles y energía,San Luis,2015,0
Combustibles y energía,Chaco,2015,0
Combustibles y energía,Corrientes,2015,0.661
Combustibles y energía,Formosa,2015,3.22
Combustibles y energía,Misiones,2015,0
Total,Total País,2016,57909.097
Total,Buenos Aires,2016,18534.181
Total,Capital Federal,2016,315.071
Total,Córdoba,2016,8419.408
Total,Entre Ríos,2016,1123.327
Total,La Pampa,2016,565.436
Total,Santa Fe,2016,13829.381
Total,Chubut,2016,1932.579
Total,Neuquén,2016,72.609
Total,Río Negro,2016,395.878
Total,Santa Cruz,2016,2050.06
Total,Tierra del Fuego,2016,176.166
Total,Catamarca,2016,810.784
Total,Jujuy,2016,533.691
Total,La Rioja,2016,208.574
Total,Salta,2016,1075.412
Total,Santiago del Estero,2016,893.262
Total,Tucumán,2016,1202.552
Total,Mendoza,2016,1324.396
Total,San Juan,2016,1261.941
Total,San Luis,2016,562.76
Total,Chaco,2016,367.547
Total,Corrientes,2016,226.658
Total,Formosa,2016,38.183
Total,Misiones,2016,356.131
Productos primarios,Total País,2016,15693.535
Productos primarios,Buenos Aires,2016,4270.238
Productos primarios,Capital Federal,2016,0
Productos primarios,Córdoba,2016,3066.146
Productos primarios,Entre Ríos,2016,645.82
Productos primarios,La Pampa,2016,504.263
Productos primarios,Santa Fe,2016,1310.203
Productos primarios,Chubut,2016,593.014
Productos primarios,Neuquén,2016,39.078
Productos primarios,Río Negro,2016,307.93
Productos primarios,Santa Cruz,2016,629.372
Productos primarios,Tierra del Fuego,2016,73.21
Productos primarios,Catamarca,2016,676.126
Productos primarios,Jujuy,2016,327.029
Productos primarios,La Rioja,2016,6.421
Productos primarios,Salta,2016,858.786
Productos primarios,Santiago del Estero,2016,834.521
Productos primarios,Tucumán,2016,420.94
Productos primarios,Mendoza,2016,177.01
Productos primarios,San Juan,2016,73.373
Productos primarios,San Luis,2016,284.981
Productos primarios,Chaco,2016,296.4
Productos primarios,Corrientes,2016,174.899
Productos primarios,Formosa,2016,23.362
Productos primarios,Misiones,2016,46.68
Manufacturas de origen agropecuario,Total País,2016,23362.014
Manufacturas de origen agropecuario,Buenos Aires,2016,5299.144
Manufacturas de origen agropecuario,Capital Federal,2016,82.507
Manufacturas de origen agropecuario,Córdoba,2016,4165.09
Manufacturas de origen agropecuario,Entre Ríos,2016,375.242
Manufacturas de origen agropecuario,La Pampa,2016,56.938
Manufacturas de origen agropecuario,Santa Fe,2016,10395.942
Manufacturas de origen agropecuario,Chubut,2016,147.27
Manufacturas de origen agropecuario,Neuquén,2016,17.02
Manufacturas de origen agropecuario,Río Negro,2016,70.709
Manufacturas de origen agropecuario,Santa Cruz,2016,10.092
Manufacturas de origen agropecuario,Tierra del Fuego,2016,29.968
Manufacturas de origen agropecuario,Catamarca,2016,12.03
Manufacturas de origen agropecuario,Jujuy,2016,75.451
Manufacturas de origen agropecuario,La Rioja,2016,128.843
Manufacturas de origen agropecuario,Salta,2016,117.489
Manufacturas de origen agropecuario,Santiago del Estero,2016,58.533
Manufacturas de origen agropecuario,Tucumán,2016,499.307
Manufacturas de origen agropecuario,Mendoza,2016,975.527
Manufacturas de origen agropecuario,San Juan,2016,150.584
Manufacturas de origen agropecuario,San Luis,2016,165.848
Manufacturas de origen agropecuario,Chaco,2016,66.425
Manufacturas de origen agropecuario,Corrientes,2016,42.662
Manufacturas de origen agropecuario,Formosa,2016,10.146
Manufacturas de origen agropecuario,Misiones,2016,185.41
Manufacturas de origen industrial,Total País,2016,16805.506
Manufacturas de origen industrial,Buenos Aires,2016,8411.969
Manufacturas de origen industrial,Capital Federal,2016,232.564
Manufacturas de origen industrial,Córdoba,2016,1188.172
Manufacturas de origen industrial,Entre Ríos,2016,102.266
Manufacturas de origen industrial,La Pampa,2016,4.235
Manufacturas de origen industrial,Santa Fe,2016,2081.348
Manufacturas de origen industrial,Chubut,2016,600.123
Manufacturas de origen industrial,Neuquén,2016,8.456
Manufacturas de origen industrial,Río Negro,2016,4.358
Manufacturas de origen industrial,Santa Cruz,2016,1261.112
Manufacturas de origen industrial,Tierra del Fuego,2016,33.806
Manufacturas de origen industrial,Catamarca,2016,122.628
Manufacturas de origen industrial,Jujuy,2016,131.211
Manufacturas de origen industrial,La Rioja,2016,73.309
Manufacturas de origen industrial,Salta,2016,88.855
Manufacturas de origen industrial,Santiago del Estero,2016,0
Manufacturas de origen industrial,Tucumán,2016,282.305
Manufacturas de origen industrial,Mendoza,2016,142.838
Manufacturas de origen industrial,San Juan,2016,1037.985
Manufacturas de origen industrial,San Luis,2016,111.932
Manufacturas de origen industrial,Chaco,2016,4.721
Manufacturas de origen industrial,Corrientes,2016,6.616
Manufacturas de origen industrial,Formosa,2016,1.082
Manufacturas de origen industrial,Misiones,2016,124.041
Combustibles y energía,Total País,2016,2048.042
Combustibles y energía,Buenos Aires,2016,552.831
Combustibles y energía,Capital Federal,2016,0
Combustibles y energía,Córdoba,2016,0
Combustibles y energía,Entre Ríos,2016,0
Combustibles y energía,La Pampa,2016,0
Combustibles y energía,Santa Fe,2016,41.887
Combustibles y energía,Chubut,2016,592.173
Combustibles y energía,Neuquén,2016,8.055
Combustibles y energía,Río Negro,2016,12.88
Combustibles y energía,Santa Cruz,2016,149.484
Combustibles y energía,Tierra del Fuego,2016,39.182
Combustibles y energía,Catamarca,2016,0
Combustibles y energía,Jujuy,2016,0
Combustibles y energía,La Rioja,2016,0
Combustibles y energía,Salta,2016,10.283
Combustibles y energía,Santiago del Estero,2016,0
Combustibles y energía,Tucumán,2016,0
Combustibles y energía,Mendoza,2016,29.02
Combustibles y energía,San Juan,2016,0
Combustibles y energía,San Luis,2016,0
Combustibles y energía,Chaco,2016,0
Combustibles y energía,Corrientes,2016,2.481
Combustibles y energía,Formosa,2016,3.593
Combustibles y energía,Misiones,2016,0
Total,Total País,2017,58644.734
Total,Buenos Aires,2017,19240.844
Total,Capital Federal,2017,333.492
Total,Córdoba,2017,8068.176
Total,Entre Ríos,2017,1235.208
Total,La Pampa,2017,396.431
Total,Santa Fe,2017,13761.034
Total,Chubut,2017,2195.314
Total,Neuquén,2017,59.935
Total,Río Negro,2017,378.68
Total,Santa Cruz,2017,2085.822
Total,Tierra del Fuego,2017,161.959
Total,Catamarca,2017,610.308
Total,Jujuy,2017,536.91
Total,La Rioja,2017,245.845
Total,Salta,2017,880.891
Total,Santiago del Estero,2017,793.552
Total,Tucumán,2017,1051.384
Total,Mendoza,2017,1349.676
Total,San Juan,2017,1440.225
Total,San Luis,2017,586.903
Total,Chaco,2017,365.753
Total,Corrientes,2017,191.5
Total,Formosa,2017,37.711
Total,Misiones,2017,422.745
Productos primarios,Total País,2017,14813.526
Productos primarios,Buenos Aires,2017,3857.019
Productos primarios,Capital Federal,2017,0
Productos primarios,Córdoba,2017,3050.513
Productos primarios,Entre Ríos,2017,713.835
Productos primarios,La Pampa,2017,337.813
Productos primarios,Santa Fe,2017,1433.09
Productos primarios,Chubut,2017,819.309
Productos primarios,Neuquén,2017,40.063
Productos primarios,Río Negro,2017,296.07
Productos primarios,Santa Cruz,2017,589.891
Productos primarios,Tierra del Fuego,2017,70.415
Productos primarios,Catamarca,2017,436.692
Productos primarios,Jujuy,2017,291.076
Productos primarios,La Rioja,2017,10.377
Productos primarios,Salta,2017,651.609
Productos primarios,Santiago del Estero,2017,738.192
Productos primarios,Tucumán,2017,337.494
Productos primarios,Mendoza,2017,214.887
Productos primarios,San Juan,2017,66.948
Productos primarios,San Luis,2017,265.901
Productos primarios,Chaco,2017,289.87
Productos primarios,Corrientes,2017,127.379
Productos primarios,Formosa,2017,21.833
Productos primarios,Misiones,2017,74.18
Manufacturas de origen agropecuario,Total País,2017,22563.579
Manufacturas de origen agropecuario,Buenos Aires,2017,5375.539
Manufacturas de origen agropecuario,Capital Federal,2017,84.545
Manufacturas de origen agropecuario,Córdoba,2017,3859.33
Manufacturas de origen agropecuario,Entre Ríos,2017,404.273
Manufacturas de origen agropecuario,La Pampa,2017,54.893
Manufacturas de origen agropecuario,Santa Fe,2017,9922.698
Manufacturas de origen agropecuario,Chubut,2017,152.184
Manufacturas de origen agropecuario,Neuquén,2017,9.519
Manufacturas de origen agropecuario,Río Negro,2017,60.1
Manufacturas de origen agropecuario,Santa Cruz,2017,12.163
Manufacturas de origen agropecuario,Tierra del Fuego,2017,22.309
Manufacturas de origen agropecuario,Catamarca,2017,27.397
Manufacturas de origen agropecuario,Jujuy,2017,65.426
Manufacturas de origen agropecuario,La Rioja,2017,161.092
Manufacturas de origen agropecuario,Salta,2017,109.619
Manufacturas de origen agropecuario,Santiago del Estero,2017,55.109
Manufacturas de origen agropecuario,Tucumán,2017,363.202
Manufacturas de origen agropecuario,Mendoza,2017,951.219
Manufacturas de origen agropecuario,San Juan,2017,172.353
Manufacturas de origen agropecuario,San Luis,2017,181.944
Manufacturas de origen agropecuario,Chaco,2017,65.995
Manufacturas de origen agropecuario,Corrientes,2017,51.571
Manufacturas de origen agropecuario,Formosa,2017,11.485
Manufacturas de origen agropecuario,Misiones,2017,196.331
Manufacturas de origen industrial,Total País,2017,18789.151
Manufacturas de origen industrial,Buenos Aires,2017,9145.28
Manufacturas de origen industrial,Capital Federal,2017,248.947
Manufacturas de origen industrial,Córdoba,2017,1158.33
Manufacturas de origen industrial,Entre Ríos,2017,117.1
Manufacturas de origen industrial,La Pampa,2017,3.726
Manufacturas de origen industrial,Santa Fe,2017,2344.858
Manufacturas de origen industrial,Chubut,2017,760.994
Manufacturas de origen industrial,Neuquén,2017,6.951
Manufacturas de origen industrial,Río Negro,2017,4.522
Manufacturas de origen industrial,Santa Cruz,2017,1365.98
Manufacturas de origen industrial,Tierra del Fuego,2017,42.893
Manufacturas de origen industrial,Catamarca,2017,146.219
Manufacturas de origen industrial,Jujuy,2017,180.408
Manufacturas de origen industrial,La Rioja,2017,74.377
Manufacturas de origen industrial,Salta,2017,87.454
Manufacturas de origen industrial,Santiago del Estero,2017,0
Manufacturas de origen industrial,Tucumán,2017,350.688
Manufacturas de origen industrial,Mendoza,2017,135.587
Manufacturas de origen industrial,San Juan,2017,1200.923
Manufacturas de origen industrial,San Luis,2017,139.057
Manufacturas de origen industrial,Chaco,2017,9.888
Manufacturas de origen industrial,Corrientes,2017,12.09
Manufacturas de origen industrial,Formosa,2017,1.584
Manufacturas de origen industrial,Misiones,2017,148.452
Combustibles y energía,Total País,2017,2478.478
Combustibles y energía,Buenos Aires,2017,863.005
Combustibles y energía,Capital Federal,2017,0
Combustibles y energía,Córdoba,2017,0
Combustibles y energía,Entre Ríos,2017,0
Combustibles y energía,La Pampa,2017,0
Combustibles y energía,Santa Fe,2017,60.388
Combustibles y energía,Chubut,2017,462.827
Combustibles y energía,Neuquén,2017,3.403
Combustibles y energía,Río Negro,2017,17.988
Combustibles y energía,Santa Cruz,2017,117.788
Combustibles y energía,Tierra del Fuego,2017,26.342
Combustibles y energía,Catamarca,2017,0
Combustibles y energía,Jujuy,2017,0
Combustibles y energía,La Rioja,2017,0
Combustibles y energía,Salta,2017,32.209
Combustibles y energía,Santiago del Estero,2017,0
Combustibles y energía,Tucumán,2017,0
Combustibles y energía,Mendoza,2017,47.983
Combustibles y energía,San Juan,2017,0
Combustibles y energía,San Luis,2017,0
Combustibles y energía,Chaco,2017,0
Combustibles y energía,Corrientes,2017,0
Combustibles y energía,Formosa,2017,2.808
Combustibles y energía,Misiones,2017,3.781
Total,Total País,2018,61781.529
Total,Buenos Aires,2018,21290.126
Total,Capital Federal,2018,323.993
Total,Córdoba,2018,7854.391
Total,Entre Ríos,2018,1353.619
Total,La Pampa,2018,417.465
Total,Santa Fe,2018,13657.846
Total,Chubut,2018,3135.77
Total,Neuquén,2018,123.045
Total,Río Negro,2018,449.366
Total,Santa Cruz,2018,2414.543
Total,Tierra del Fuego,2018,186.552
Total,Catamarca,2018,469.245
Total,Jujuy,2018,486.23
Total,La Rioja,2018,223.959
Total,Salta,2018,854.451
Total,Santiago del Estero,2018,772.055
Total,Tucumán,2018,1116.856
Total,Mendoza,2018,1522.362
Total,San Juan,2018,1278.876
Total,San Luis,2018,534.648
Total,Chaco,2018,312.947
Total,Corrientes,2018,228.515
Total,Formosa,2018,44.903
Total,Misiones,2018,484.79
Productos primarios,Total País,2018,14021.09
Productos primarios,Buenos Aires,2018,4021.452
Productos primarios,Capital Federal,2018,0
Productos primarios,Córdoba,2018,2497.72
Productos primarios,Entre Ríos,2018,746.376
Productos primarios,La Pampa,2018,346.927
Productos primarios,Santa Fe,2018,1252.007
Productos primarios,Chubut,2018,884.778
Productos primarios,Neuquén,2018,60.998
Productos primarios,Río Negro,2018,360.069
Productos primarios,Santa Cruz,2018,527.691
Productos primarios,Tierra del Fuego,2018,66.73
Productos primarios,Catamarca,2018,299.526
Productos primarios,Jujuy,2018,204.301
Productos primarios,La Rioja,2018,6.264
Productos primarios,Salta,2018,615.052
Productos primarios,Santiago del Estero,2018,703.298
Productos primarios,Tucumán,2018,369.479
Productos primarios,Mendoza,2018,171.506
Productos primarios,San Juan,2018,53.582
Productos primarios,San Luis,2018,177.007
Productos primarios,Chaco,2018,245.9
Productos primarios,Corrientes,2018,136.509
Productos primarios,Formosa,2018,21.135
Productos primarios,Misiones,2018,81.695
Manufacturas de origen agropecuario,Total País,2018,22941.079
Manufacturas de origen agropecuario,Buenos Aires,2018,5685.951
Manufacturas de origen agropecuario,Capital Federal,2018,89.483
Manufacturas de origen agropecuario,Córdoba,2018,3596.707
Manufacturas de origen agropecuario,Entre Ríos,2018,484.548
Manufacturas de origen agropecuario,La Pampa,2018,67.282
Manufacturas de origen agropecuario,Santa Fe,2018,10060.178
Manufacturas de origen agropecuario,Chubut,2018,169.888
Manufacturas de origen agropecuario,Neuquén,2018,7.248
Manufacturas de origen agropecuario,Río Negro,2018,66.104
Manufacturas de origen agropecuario,Santa Cruz,2018,21.841
Manufacturas de origen agropecuario,Tierra del Fuego,2018,36.693
Manufacturas de origen agropecuario,Catamarca,2018,12.154
Manufacturas de origen agropecuario,Jujuy,2018,54.613
Manufacturas de origen agropecuario,La Rioja,2018,142.796
Manufacturas de origen agropecuario,Salta,2018,106.632
Manufacturas de origen agropecuario,Santiago del Estero,2018,68.392
Manufacturas de origen agropecuario,Tucumán,2018,344.113
Manufacturas de origen agropecuario,Mendoza,2018,999.485
Manufacturas de origen agropecuario,San Juan,2018,205.893
Manufacturas de origen agropecuario,San Luis,2018,214.424
Manufacturas de origen agropecuario,Chaco,2018,62.49
Manufacturas de origen agropecuario,Corrientes,2018,56.768
Manufacturas de origen agropecuario,Formosa,2018,14.39
Manufacturas de origen agropecuario,Misiones,2018,215.727
Manufacturas de origen industrial,Total País,2018,20618.148
Manufacturas de origen industrial,Buenos Aires,2018,10292.137
Manufacturas de origen industrial,Capital Federal,2018,234.391
Manufacturas de origen industrial,Córdoba,2018,1759.782
Manufacturas de origen industrial,Entre Ríos,2018,121.126
Manufacturas de origen industrial,La Pampa,2018,3.2
Manufacturas de origen industrial,Santa Fe,2018,2264.811
Manufacturas de origen industrial,Chubut,2018,886.435
Manufacturas de origen industrial,Neuquén,2018,44.982
Manufacturas de origen industrial,Río Negro,2018,4.039
Manufacturas de origen industrial,Santa Cruz,2018,1538.092
Manufacturas de origen industrial,Tierra del Fuego,2018,27.107
Manufacturas de origen industrial,Catamarca,2018,157.565
Manufacturas de origen industrial,Jujuy,2018,227.316
Manufacturas de origen industrial,La Rioja,2018,74.899
Manufacturas de origen industrial,Salta,2018,93.506
Manufacturas de origen industrial,Santiago del Estero,2018,0
Manufacturas de origen industrial,Tucumán,2018,403.264
Manufacturas de origen industrial,Mendoza,2018,273.093
Manufacturas de origen industrial,San Juan,2018,1019.402
Manufacturas de origen industrial,San Luis,2018,143.217
Manufacturas de origen industrial,Chaco,2018,4.557
Manufacturas de origen industrial,Corrientes,2018,12.922
Manufacturas de origen industrial,Formosa,2018,2.129
Manufacturas de origen industrial,Misiones,2018,187.368
Combustibles y energía,Total País,2018,4201.212
Combustibles y energía,Buenos Aires,2018,1290.586
Combustibles y energía,Capital Federal,2018,0
Combustibles y energía,Córdoba,2018,0
Combustibles y energía,Entre Ríos,2018,1.568
Combustibles y energía,La Pampa,2018,0
Combustibles y energía,Santa Fe,2018,80.849
Combustibles y energía,Chubut,2018,1194.669
Combustibles y energía,Neuquén,2018,9.817
Combustibles y energía,Río Negro,2018,19.155
Combustibles y energía,Santa Cruz,2018,326.918
Combustibles y energía,Tierra del Fuego,2018,56.02
Combustibles y energía,Catamarca,2018,0
Combustibles y energía,Jujuy,2018,0
Combustibles y energía,La Rioja,2018,0
Combustibles y energía,Salta,2018,39.261
Combustibles y energía,Santiago del Estero,2018,0
Combustibles y energía,Tucumán,2018,0
Combustibles y energía,Mendoza,2018,78.279
Combustibles y energía,San Juan,2018,0
Combustibles y energía,San Luis,2018,0
Combustibles y energía,Chaco,2018,0
Combustibles y energía,Corrientes,2018,22.317
Combustibles y energía,Formosa,2018,7.249
Combustibles y energía,Misiones,2018,0
Total,Total País,2019,65115.328
Total,Buenos Aires,2019,22984.253
Total,Capital Federal,2019,328.245
Total,Córdoba,2019,9043.905
Total,Entre Ríos,2019,1441.148
Total,La Pampa,2019,555.942
Total,Santa Fe,2019,14268
Total,Chubut,2019,2853.646
Total,Neuquén,2019,359.8
Total,Río Negro,2019,409.13
Total,Santa Cruz,2019,2458.531
Total,Tierra del Fuego,2019,252.897
Total,Catamarca,2019,143.079
Total,Jujuy,2019,488.671
Total,La Rioja,2019,244.436
Total,Salta,2019,993.213
Total,Santiago del Estero,2019,1112.664
Total,Tucumán,2019,951.896
Total,Mendoza,2019,1454.445
Total,San Juan,2019,1245.986
Total,San Luis,2019,730.275
Total,Chaco,2019,500.355
Total,Corrientes,2019,217.405
Total,Formosa,2019,80.164
Total,Misiones,2019,430.057
Productos primarios,Total País,2019,17520.427
Productos primarios,Buenos Aires,2019,5072.666
Productos primarios,Capital Federal,2019,0
Productos primarios,Córdoba,2019,3828.737
Productos primarios,Entre Ríos,2019,718.447
Productos primarios,La Pampa,2019,435.696
Productos primarios,Santa Fe,2019,1889.401
Productos primarios,Chubut,2019,759.134
Productos primarios,Neuquén,2019,54.274
Productos primarios,Río Negro,2019,303.345
Productos primarios,Santa Cruz,2019,488.286
Productos primarios,Tierra del Fuego,2019,63.741
Productos primarios,Catamarca,2019,30.272
Productos primarios,Jujuy,2019,289.756
Productos primarios,La Rioja,2019,8.096
Productos primarios,Salta,2019,772.69
Productos primarios,Santiago del Estero,2019,1046.473
Productos primarios,Tucumán,2019,336.841
Productos primarios,Mendoza,2019,168.292
Productos primarios,San Juan,2019,52.27
Productos primarios,San Luis,2019,308.003
Productos primarios,Chaco,2019,433.66
Productos primarios,Corrientes,2019,137.744
Productos primarios,Formosa,2019,59.702
Productos primarios,Misiones,2019,64.916
Manufacturas de origen agropecuario,Total País,2019,23962.094
Manufacturas de origen agropecuario,Buenos Aires,2019,6221.677
Manufacturas de origen agropecuario,Capital Federal,2019,77.622
Manufacturas de origen agropecuario,Córdoba,2019,3655.559
Manufacturas de origen agropecuario,Entre Ríos,2019,608.868
Manufacturas de origen agropecuario,La Pampa,2019,116.51
Manufacturas de origen agropecuario,Santa Fe,2019,10390.548
Manufacturas de origen agropecuario,Chubut,2019,148.273
Manufacturas de origen agropecuario,Neuquén,2019,6.231
Manufacturas de origen agropecuario,Río Negro,2019,80.686
Manufacturas de origen agropecuario,Santa Cruz,2019,30.561
Manufacturas de origen agropecuario,Tierra del Fuego,2019,39.017
Manufacturas de origen agropecuario,Catamarca,2019,10.481
Manufacturas de origen agropecuario,Jujuy,2019,56.512
Manufacturas de origen agropecuario,La Rioja,2019,150.455
Manufacturas de origen agropecuario,Salta,2019,101.703
Manufacturas de origen agropecuario,Santiago del Estero,2019,65.999
Manufacturas de origen agropecuario,Tucumán,2019,272.97
Manufacturas de origen agropecuario,Mendoza,2019,982.151
Manufacturas de origen agropecuario,San Juan,2019,175.072
Manufacturas de origen agropecuario,San Luis,2019,280.736
Manufacturas de origen agropecuario,Chaco,2019,61.615
Manufacturas de origen agropecuario,Corrientes,2019,63.23
Manufacturas de origen agropecuario,Formosa,2019,11.809
Manufacturas de origen agropecuario,Misiones,2019,215.122
Manufacturas de origen industrial,Total País,2019,19211.245
Manufacturas de origen industrial,Buenos Aires,2019,9383.922
Manufacturas de origen industrial,Capital Federal,2019,250.41
Manufacturas de origen industrial,Córdoba,2019,1540.136
Manufacturas de origen industrial,Entre Ríos,2019,113.797
Manufacturas de origen industrial,La Pampa,2019,3.676
Manufacturas de origen industrial,Santa Fe,2019,1917.588
Manufacturas de origen industrial,Chubut,2019,761.255
Manufacturas de origen industrial,Neuquén,2019,34.814
Manufacturas de origen industrial,Río Negro,2019,15.352
Manufacturas de origen industrial,Santa Cruz,2019,1618.484
Manufacturas de origen industrial,Tierra del Fuego,2019,35.459
Manufacturas de origen industrial,Catamarca,2019,102.326
Manufacturas de origen industrial,Jujuy,2019,142.402
Manufacturas de origen industrial,La Rioja,2019,85.885
Manufacturas de origen industrial,Salta,2019,84.7
Manufacturas de origen industrial,Santiago del Estero,2019,0
Manufacturas de origen industrial,Tucumán,2019,339.986
Manufacturas de origen industrial,Mendoza,2019,242.643
Manufacturas de origen industrial,San Juan,2019,1018.643
Manufacturas de origen industrial,San Luis,2019,141.525
Manufacturas de origen industrial,Chaco,2019,5.079
Manufacturas de origen industrial,Corrientes,2019,13.215
Manufacturas de origen industrial,Formosa,2019,1.532
Manufacturas de origen industrial,Misiones,2019,150.02
Combustibles y energía,Total País,2019,4421.562
Combustibles y energía,Buenos Aires,2019,2305.988
Combustibles y energía,Capital Federal,2019,0
Combustibles y energía,Córdoba,2019,19.473
Combustibles y energía,Entre Ríos,2019,0
Combustibles y energía,La Pampa,2019,0
Combustibles y energía,Santa Fe,2019,70.463
Combustibles y energía,Chubut,2019,1184.984
Combustibles y energía,Neuquén,2019,264.481
Combustibles y energía,Río Negro,2019,9.747
Combustibles y energía,Santa Cruz,2019,321.201
Combustibles y energía,Tierra del Fuego,2019,114.681
Combustibles y energía,Catamarca,2019,0
Combustibles y energía,Jujuy,2019,0
Combustibles y energía,La Rioja,2019,0
Combustibles y energía,Salta,2019,34.121
Combustibles y energía,Santiago del Estero,2019,0
Combustibles y energía,Tucumán,2019,2.099
Combustibles y energía,Mendoza,2019,61.358
Combustibles y energía,San Juan,2019,0
Combustibles y energía,San Luis,2019,0
Combustibles y energía,Chaco,2019,0
Combustibles y energía,Corrientes,2019,3.216
Combustibles y energía,Formosa,2019,7.12
Combustibles y energía,Misiones,2019,0
Total,Total País,2020,54883.822
Total,Buenos Aires,2020,19428.334
Total,Capital Federal,2020,280.854
Total,Córdoba,2020,8162.93
Total,Entre Ríos,2020,1425.285
Total,La Pampa,2020,592.325
Total,Santa Fe,2020,11239.026
Total,Chubut,2020,2029.541
Total,Neuquén,2020,243.544
Total,Río Negro,2020,376.326
Total,Santa Cruz,2020,1919.871
Total,Tierra del Fuego,2020,197.722
Total,Catamarca,2020,137.015
Total,Jujuy,2020,328.543
Total,La Rioja,2020,172.949
Total,Salta,2020,922.576
Total,Santiago del Estero,2020,1120.427
Total,Tucumán,2020,773.75
Total,Mendoza,2020,1349.926
Total,San Juan,2020,1119.853
Total,San Luis,2020,568.631
Total,Chaco,2020,375.96
Total,Corrientes,2020,585.815
Total,Formosa,2020,30.446
Total,Misiones,2020,392.227
Productos primarios,Total País,2020,16206.686
Productos primarios,Buenos Aires,2020,4235.989
Productos primarios,Capital Federal,2020,0
Productos primarios,Córdoba,2020,3933.287
Productos primarios,Entre Ríos,2020,736.132
Productos primarios,La Pampa,2020,447.397
Productos primarios,Santa Fe,2020,1801.049
Productos primarios,Chubut,2020,602.473
Productos primarios,Neuquén,2020,40.455
Productos primarios,Río Negro,2020,294.365
Productos primarios,Santa Cruz,2020,370.521
Productos primarios,Tierra del Fuego,2020,49.745
Productos primarios,Catamarca,2020,24.076
Productos primarios,Jujuy,2020,184.639
Productos primarios,La Rioja,2020,5.28
Productos primarios,Salta,2020,722.462
Productos primarios,Santiago del Estero,2020,1070.833
Productos primarios,Tucumán,2020,274.227
Productos primarios,Mendoza,2020,202.457
Productos primarios,San Juan,2020,64.816
Productos primarios,San Luis,2020,187.478
Productos primarios,Chaco,2020,325.66
Productos primarios,Corrientes,2020,126.282
Productos primarios,Formosa,2020,16.328
Productos primarios,Misiones,2020,64.861
Manufacturas de origen agropecuario,Total País,2020,21786.307
Manufacturas de origen agropecuario,Buenos Aires,2020,7017.237
Manufacturas de origen agropecuario,Capital Federal,2020,50.819
Manufacturas de origen agropecuario,Córdoba,2020,3118.402
Manufacturas de origen agropecuario,Entre Ríos,2020,547.678
Manufacturas de origen agropecuario,La Pampa,2020,141.602
Manufacturas de origen agropecuario,Santa Fe,2020,8235.939
Manufacturas de origen agropecuario,Chubut,2020,74.259
Manufacturas de origen agropecuario,Neuquén,2020,5.326
Manufacturas de origen agropecuario,Río Negro,2020,72.151
Manufacturas de origen agropecuario,Santa Cruz,2020,34.19
Manufacturas de origen agropecuario,Tierra del Fuego,2020,34.109
Manufacturas de origen agropecuario,Catamarca,2020,8.956
Manufacturas de origen agropecuario,Jujuy,2020,69.02
Manufacturas de origen agropecuario,La Rioja,2020,102.986
Manufacturas de origen agropecuario,Salta,2020,84.054
Manufacturas de origen agropecuario,Santiago del Estero,2020,49.245
Manufacturas de origen agropecuario,Tucumán,2020,226.731
Manufacturas de origen agropecuario,Mendoza,2020,977.066
Manufacturas de origen agropecuario,San Juan,2020,151.341
Manufacturas de origen agropecuario,San Luis,2020,275.667
Manufacturas de origen agropecuario,Chaco,2020,47.065
Manufacturas de origen agropecuario,Corrientes,2020,66.977
Manufacturas de origen agropecuario,Formosa,2020,8.131
Manufacturas de origen agropecuario,Misiones,2020,214.502
Manufacturas de origen industrial,Total País,2020,13297.656
Manufacturas de origen industrial,Buenos Aires,2020,6500.491
Manufacturas de origen industrial,Capital Federal,2020,229.931
Manufacturas de origen industrial,Córdoba,2020,1097.335
Manufacturas de origen industrial,Entre Ríos,2020,108.443
Manufacturas de origen industrial,La Pampa,2020,3.325
Manufacturas de origen industrial,Santa Fe,2020,1141.792
Manufacturas de origen industrial,Chubut,2020,493.089
Manufacturas de origen industrial,Neuquén,2020,16.77
Manufacturas de origen industrial,Río Negro,2020,3.237
Manufacturas de origen industrial,Santa Cruz,2020,1283.669
Manufacturas de origen industrial,Tierra del Fuego,2020,31.661
Manufacturas de origen industrial,Catamarca,2020,103.983
Manufacturas de origen industrial,Jujuy,2020,74.885
Manufacturas de origen industrial,La Rioja,2020,64.682
Manufacturas de origen industrial,Salta,2020,96.954
Manufacturas de origen industrial,Santiago del Estero,2020,0
Manufacturas de origen industrial,Tucumán,2020,271.295
Manufacturas de origen industrial,Mendoza,2020,136.411
Manufacturas de origen industrial,San Juan,2020,903.697
Manufacturas de origen industrial,San Luis,2020,105.473
Manufacturas de origen industrial,Chaco,2020,3.236
Manufacturas de origen industrial,Corrientes,2020,18.619
Manufacturas de origen industrial,Formosa,2020,0.818
Manufacturas de origen industrial,Misiones,2020,112.864
Combustibles y energía,Total País,2020,3593.173
Combustibles y energía,Buenos Aires,2020,1674.618
Combustibles y energía,Capital Federal,2020,0
Combustibles y energía,Córdoba,2020,13.906
Combustibles y energía,Entre Ríos,2020,33.033
Combustibles y energía,La Pampa,2020,0
Combustibles y energía,Santa Fe,2020,60.247
Combustibles y energía,Chubut,2020,859.721
Combustibles y energía,Neuquén,2020,180.995
Combustibles y energía,Río Negro,2020,6.573
Combustibles y energía,Santa Cruz,2020,231.49
Combustibles y energía,Tierra del Fuego,2020,82.208
Combustibles y energía,Catamarca,2020,0
Combustibles y energía,Jujuy,2020,0
Combustibles y energía,La Rioja,2020,0
Combustibles y energía,Salta,2020,19.106
Combustibles y energía,Santiago del Estero,2020,0
Combustibles y energía,Tucumán,2020,1.498
Combustibles y energía,Mendoza,2020,33.993
Combustibles y energía,San Juan,2020,0
Combustibles y energía,San Luis,2020,0
Combustibles y energía,Chaco,2020,0
Combustibles y energía,Corrientes,2020,373.938
Combustibles y energía,Formosa,2020,5.169
Combustibles y energía,Misiones,2020,0
